,metric_list
0,https://medrxiv.org/content/10.1101/2020.10.28.20221333v1.article-metrics
1,https://medrxiv.org/content/10.1101/2020.10.27.20220731v1.article-metrics
2,https://biorxiv.org/content/10.1101/2020.10.28.359935v1.article-metrics
3,https://biorxiv.org/content/10.1101/2020.10.29.361048v3.article-metrics
4,https://biorxiv.org/content/10.1101/2020.10.27.358259v1.article-metrics
5,https://medrxiv.org/content/10.1101/2020.10.27.20211631v4.article-metrics
6,https://medrxiv.org/content/10.1101/2020.10.26.20219089v1.article-metrics
7,https://medrxiv.org/content/10.1101/2020.10.26.20218636v1.article-metrics
8,https://biorxiv.org/content/10.1101/2020.10.26.356048v1.article-metrics
9,https://biorxiv.org/content/10.1101/2020.10.25.354548v2.article-metrics
10,https://medrxiv.org/content/10.1101/2020.10.21.20216192v2.article-metrics
11,https://medrxiv.org/content/10.1101/2020.10.21.20215640v1.article-metrics
12,https://biorxiv.org/content/10.1101/2020.10.22.349522v1.article-metrics
13,https://medrxiv.org/content/10.1101/2020.10.20.20213272v1.article-metrics
14,https://medrxiv.org/content/10.1101/2020.10.15.20213512v1.article-metrics
15,https://medrxiv.org/content/10.1101/2020.10.15.20213546v1.article-metrics
16,https://biorxiv.org/content/10.1101/2020.10.17.344002v3.article-metrics
17,https://biorxiv.org/content/10.1101/2020.10.12.336644v2.article-metrics
18,https://medrxiv.org/content/10.1101/2020.10.14.20207050v1.article-metrics
19,https://biorxiv.org/content/10.1101/2020.10.16.341883v3.article-metrics
20,https://medrxiv.org/content/10.1101/2020.10.13.20211664v1.article-metrics
21,https://biorxiv.org/content/10.1101/2020.10.12.336818v1.article-metrics
22,https://medrxiv.org/content/10.1101/2020.10.08.20209072v1.article-metrics
23,https://medrxiv.org/content/10.1101/2020.10.08.20208751v1.article-metrics
24,https://medrxiv.org/content/10.1101/2020.10.07.20208520v1.article-metrics
25,https://medrxiv.org/content/10.1101/2020.10.07.20208488v1.article-metrics
26,https://biorxiv.org/content/10.1101/2020.10.11.335299v1.article-metrics
27,https://medrxiv.org/content/10.1101/2020.10.08.20208546v2.article-metrics
28,https://biorxiv.org/content/10.1101/2020.10.10.331348v1.article-metrics
29,https://biorxiv.org/content/10.1101/2020.10.10.334292v1.article-metrics
30,https://medrxiv.org/content/10.1101/2020.10.07.20208231v1.article-metrics
31,https://biorxiv.org/content/10.1101/2020.10.08.332080v1.article-metrics
32,https://biorxiv.org/content/10.1101/2020.10.08.330456v1.article-metrics
33,https://medrxiv.org/content/10.1101/2020.10.06.20207472v2.article-metrics
34,https://biorxiv.org/content/10.1101/2020.10.08.331751v1.article-metrics
35,https://biorxiv.org/content/10.1101/2020.10.07.326462v1.article-metrics
36,https://biorxiv.org/content/10.1101/2020.10.08.331421v1.article-metrics
37,https://biorxiv.org/content/10.1101/2020.10.07.307546v1.article-metrics
38,https://biorxiv.org/content/10.1101/2020.10.07.329748v1.article-metrics
39,https://medrxiv.org/content/10.1101/2020.10.05.20206953v1.article-metrics
40,https://biorxiv.org/content/10.1101/2020.10.06.327445v1.article-metrics
41,https://biorxiv.org/content/10.1101/2020.10.06.327635v1.article-metrics
42,https://biorxiv.org/content/10.1101/2020.10.06.323634v1.article-metrics
43,https://biorxiv.org/content/10.1101/2020.10.04.325415v2.article-metrics
44,https://biorxiv.org/content/10.1101/2020.09.30.320762v2.article-metrics
45,https://biorxiv.org/content/10.1101/2020.09.27.316018v1.article-metrics
46,https://medrxiv.org/content/10.1101/2020.09.22.20192443v1.article-metrics
47,https://medrxiv.org/content/10.1101/2020.09.18.20197582v1.article-metrics
48,https://medrxiv.org/content/10.1101/2020.09.18.20197202v2.article-metrics
49,https://biorxiv.org/content/10.1101/2020.09.11.293951v3.article-metrics
50,https://medrxiv.org/content/10.1101/2020.09.11.20192773v2.article-metrics
51,https://medrxiv.org/content/10.1101/2020.09.11.20190520v1.article-metrics
52,https://biorxiv.org/content/10.1101/2020.09.12.293498v2.article-metrics
53,https://biorxiv.org/content/10.1101/2020.09.12.294066v1.article-metrics
54,https://biorxiv.org/content/10.1101/2020.09.13.276923v1.article-metrics
55,https://biorxiv.org/content/10.1101/2020.09.11.294363v1.article-metrics
56,https://biorxiv.org/content/10.1101/2020.09.11.293464v2.article-metrics
57,https://medrxiv.org/content/10.1101/2020.09.09.20191643v1.article-metrics
58,https://medrxiv.org/content/10.1101/2020.09.11.20191692v1.article-metrics
59,https://medrxiv.org/content/10.1101/2020.09.10.20192187v1.article-metrics
60,https://biorxiv.org/content/10.1101/2020.09.11.293449v1.article-metrics
61,https://biorxiv.org/content/10.1101/2020.09.11.291716v1.article-metrics
62,https://biorxiv.org/content/10.1101/2020.09.07.286344v1.article-metrics
63,https://biorxiv.org/content/10.1101/2020.09.10.292078v2.article-metrics
64,https://biorxiv.org/content/10.1101/2020.09.09.196220v1.article-metrics
65,https://medrxiv.org/content/10.1101/2020.09.07.20190165v2.article-metrics
66,https://medrxiv.org/content/10.1101/2020.09.07.20188813v2.article-metrics
67,https://medrxiv.org/content/10.1101/2020.09.08.20189092v1.article-metrics
68,https://biorxiv.org/content/10.1101/2020.09.08.272328v2.article-metrics
69,https://biorxiv.org/content/10.1101/2020.09.09.288555v1.article-metrics
70,https://medrxiv.org/content/10.1101/2020.09.06.20189159v2.article-metrics
71,https://biorxiv.org/content/10.1101/2020.09.08.287482v1.article-metrics
72,https://medrxiv.org/content/10.1101/2020.09.04.20187088v1.article-metrics
73,https://medrxiv.org/content/10.1101/2020.09.04.20188326v2.article-metrics
74,https://medrxiv.org/content/10.1101/2020.09.03.20187062v1.article-metrics
75,https://medrxiv.org/content/10.1101/2020.09.04.20187724v2.article-metrics
76,https://medrxiv.org/content/10.1101/2020.09.03.20183947v2.article-metrics
77,https://biorxiv.org/content/10.1101/2020.09.04.283077v1.article-metrics
78,https://biorxiv.org/content/10.1101/2020.09.04.280081v1.article-metrics
79,https://biorxiv.org/content/10.1101/2020.09.01.277954v1.article-metrics
80,https://medrxiv.org/content/10.1101/2020.09.01.20186445v1.article-metrics
81,https://medrxiv.org/content/10.1101/2020.09.02.20186023v1.article-metrics
82,https://medrxiv.org/content/10.1101/2020.09.02.20183830v1.article-metrics
83,https://medrxiv.org/content/10.1101/2020.09.02.20187179v2.article-metrics
84,https://medrxiv.org/content/10.1101/2020.09.02.20185983v3.article-metrics
85,https://medrxiv.org/content/10.1101/2020.09.01.20186080v1.article-metrics
86,https://medrxiv.org/content/10.1101/2020.09.01.20184101v1.article-metrics
87,https://medrxiv.org/content/10.1101/2020.08.29.20184366v2.article-metrics
88,https://medrxiv.org/content/10.1101/2020.08.29.20184093v1.article-metrics
89,https://medrxiv.org/content/10.1101/2020.08.29.20184358v4.article-metrics
90,https://medrxiv.org/content/10.1101/2020.08.29.20182899v1.article-metrics
91,https://medrxiv.org/content/10.1101/2020.09.01.20183897v1.article-metrics
92,https://medrxiv.org/content/10.1101/2020.08.31.20185140v1.article-metrics
93,https://medrxiv.org/content/10.1101/2020.08.31.20184036v3.article-metrics
94,https://medrxiv.org/content/10.1101/2020.09.01.20185850v1.article-metrics
95,https://medrxiv.org/content/10.1101/2020.08.31.20169946v1.article-metrics
96,https://biorxiv.org/content/10.1101/2020.09.01.278366v1.article-metrics
97,https://biorxiv.org/content/10.1101/2020.09.02.280180v1.article-metrics
98,https://medrxiv.org/content/10.1101/2020.08.26.20182766v2.article-metrics
99,https://medrxiv.org/content/10.1101/2020.08.26.20182709v1.article-metrics
100,https://medrxiv.org/content/10.1101/2020.08.26.20157297v1.article-metrics
101,https://medrxiv.org/content/10.1101/2020.08.26.20181644v2.article-metrics
102,https://medrxiv.org/content/10.1101/2020.08.30.20183889v1.article-metrics
103,https://medrxiv.org/content/10.1101/2020.08.30.20177543v2.article-metrics
104,https://biorxiv.org/content/10.1101/2020.08.31.274639v1.article-metrics
105,https://medrxiv.org/content/10.1101/2020.08.24.20180752v3.article-metrics
106,https://biorxiv.org/content/10.1101/2020.08.28.271965v1.article-metrics
107,https://biorxiv.org/content/10.1101/2020.08.30.273920v1.article-metrics
108,https://medrxiv.org/content/10.1101/2020.08.24.20181271v1.article-metrics
109,https://biorxiv.org/content/10.1101/2020.08.29.257360v1.article-metrics
110,https://biorxiv.org/content/10.1101/2020.08.27.270819v1.article-metrics
111,https://biorxiv.org/content/10.1101/2020.08.28.272518v1.article-metrics
112,https://biorxiv.org/content/10.1101/2020.08.28.271957v1.article-metrics
113,https://biorxiv.org/content/10.1101/2020.08.26.269183v1.article-metrics
114,https://biorxiv.org/content/10.1101/2020.08.26.269159v1.article-metrics
115,https://medrxiv.org/content/10.1101/2020.08.24.20181123v1.article-metrics
116,https://biorxiv.org/content/10.1101/2020.08.27.270637v1.article-metrics
117,https://biorxiv.org/content/10.1101/2020.08.26.268854v1.article-metrics
118,https://biorxiv.org/content/10.1101/2020.08.26.267831v1.article-metrics
119,https://medrxiv.org/content/10.1101/2020.08.23.20078964v3.article-metrics
120,https://medrxiv.org/content/10.1101/2020.08.23.20180497v1.article-metrics
121,https://medrxiv.org/content/10.1101/2020.08.23.20180349v1.article-metrics
122,https://medrxiv.org/content/10.1101/2020.08.23.20177501v1.article-metrics
123,https://medrxiv.org/content/10.1101/2020.08.21.20179671v1.article-metrics
124,https://medrxiv.org/content/10.1101/2020.08.19.20178178v1.article-metrics
125,https://medrxiv.org/content/10.1101/2020.08.18.20177071v1.article-metrics
126,https://medrxiv.org/content/10.1101/2020.08.17.20176925v1.article-metrics
127,https://medrxiv.org/content/10.1101/2020.08.17.20177006v2.article-metrics
128,https://medrxiv.org/content/10.1101/2020.08.17.20177022v1.article-metrics
129,https://medrxiv.org/content/10.1101/2020.08.17.20176651v2.article-metrics
130,https://biorxiv.org/content/10.1101/2020.08.19.255901v1.article-metrics
131,https://biorxiv.org/content/10.1101/2020.08.20.258129v1.article-metrics
132,https://biorxiv.org/content/10.1101/2020.08.20.258087v1.article-metrics
133,https://medrxiv.org/content/10.1101/2020.08.17.20161760v2.article-metrics
134,https://biorxiv.org/content/10.1101/2020.08.18.256776v1.article-metrics
135,https://biorxiv.org/content/10.1101/2020.08.18.255877v1.article-metrics
136,https://biorxiv.org/content/10.1101/2020.08.17.238444v1.article-metrics
137,https://medrxiv.org/content/10.1101/2020.08.15.20175786v1.article-metrics
138,https://medrxiv.org/content/10.1101/2020.08.15.20175794v1.article-metrics
139,https://medrxiv.org/content/10.1101/2020.08.14.20174961v1.article-metrics
140,https://medrxiv.org/content/10.1101/2020.08.14.20175257v3.article-metrics
141,https://biorxiv.org/content/10.1101/2020.08.15.252320v1.article-metrics
142,https://medrxiv.org/content/10.1101/2020.08.13.20174136v2.article-metrics
143,https://medrxiv.org/content/10.1101/2020.08.13.20157222v2.article-metrics
144,https://biorxiv.org/content/10.1101/2020.08.14.248880v1.article-metrics
145,https://medrxiv.org/content/10.1101/2020.08.13.20174565v1.article-metrics
146,https://medrxiv.org/content/10.1101/2020.08.13.20173161v1.article-metrics
147,https://medrxiv.org/content/10.1101/2020.08.11.20171108v1.article-metrics
148,https://medrxiv.org/content/10.1101/2020.08.11.20172809v1.article-metrics
149,https://medrxiv.org/content/10.1101/2020.08.11.20172742v1.article-metrics
150,https://medrxiv.org/content/10.1101/2020.08.11.20172676v1.article-metrics
151,https://medrxiv.org/content/10.1101/2020.08.11.20171967v1.article-metrics
152,https://medrxiv.org/content/10.1101/2020.08.10.20171728v1.article-metrics
153,https://medrxiv.org/content/10.1101/2020.08.12.20173674v1.article-metrics
154,https://medrxiv.org/content/10.1101/2020.08.13.20147595v2.article-metrics
155,https://biorxiv.org/content/10.1101/2020.08.13.249904v2.article-metrics
156,https://biorxiv.org/content/10.1101/2020.08.14.251496v1.article-metrics
157,https://biorxiv.org/content/10.1101/2020.08.14.250480v1.article-metrics
158,https://biorxiv.org/content/10.1101/2020.08.14.251207v4.article-metrics
159,https://biorxiv.org/content/10.1101/2020.08.13.250217v2.article-metrics
160,https://biorxiv.org/content/10.1101/2020.08.12.246389v1.article-metrics
161,https://medrxiv.org/content/10.1101/2020.08.10.20171637v1.article-metrics
162,https://biorxiv.org/content/10.1101/2020.08.09.243246v1.article-metrics
163,https://biorxiv.org/content/10.1101/2020.08.11.247395v1.article-metrics
164,https://biorxiv.org/content/10.1101/2020.08.11.247320v1.article-metrics
165,https://medrxiv.org/content/10.1101/2020.08.12.20169359v1.article-metrics
166,https://medrxiv.org/content/10.1101/2020.08.07.20170456v1.article-metrics
167,https://medrxiv.org/content/10.1101/2020.08.09.20171330v2.article-metrics
168,https://medrxiv.org/content/10.1101/2020.08.10.20172189v1.article-metrics
169,https://biorxiv.org/content/10.1101/2020.08.11.245100v1.article-metrics
170,https://biorxiv.org/content/10.1101/2020.08.07.242271v1.article-metrics
171,https://biorxiv.org/content/10.1101/2020.08.10.244756v1.article-metrics
172,https://biorxiv.org/content/10.1101/2020.08.08.242511v1.article-metrics
173,https://biorxiv.org/content/10.1101/2020.08.07.242073v1.article-metrics
174,https://medrxiv.org/content/10.1101/2020.08.04.20167874v2.article-metrics
175,https://biorxiv.org/content/10.1101/2020.08.05.238360v1.article-metrics
176,https://medrxiv.org/content/10.1101/2020.08.04.20167890v1.article-metrics
177,https://medrxiv.org/content/10.1101/2020.07.30.20165241v1.article-metrics
178,https://medrxiv.org/content/10.1101/2020.07.30.20163824v1.article-metrics
179,https://medrxiv.org/content/10.1101/2020.07.29.20164590v1.article-metrics
180,https://medrxiv.org/content/10.1101/2020.07.29.20164665v2.article-metrics
181,https://medrxiv.org/content/10.1101/2020.07.30.20164970v3.article-metrics
182,https://medrxiv.org/content/10.1101/2020.07.30.20165159v1.article-metrics
183,https://medrxiv.org/content/10.1101/2020.07.29.20163949v2.article-metrics
184,https://medrxiv.org/content/10.1101/2020.07.29.20164020v1.article-metrics
185,https://biorxiv.org/content/10.1101/2020.07.30.228023v1.article-metrics
186,https://biorxiv.org/content/10.1101/2020.07.30.229120v1.article-metrics
187,https://biorxiv.org/content/10.1101/2020.07.31.231274v1.article-metrics
188,https://biorxiv.org/content/10.1101/2020.07.31.230730v1.article-metrics
189,https://medrxiv.org/content/10.1101/2020.07.28.20163618v2.article-metrics
190,https://medrxiv.org/content/10.1101/2020.07.29.20162917v3.article-metrics
191,https://biorxiv.org/content/10.1101/2020.07.29.227462v1.article-metrics
192,https://biorxiv.org/content/10.1101/2020.07.30.228890v2.article-metrics
193,https://biorxiv.org/content/10.1101/2020.07.30.229377v1.article-metrics
194,https://medrxiv.org/content/10.1101/2020.07.25.20161091v2.article-metrics
195,https://medrxiv.org/content/10.1101/2020.07.27.20163147v3.article-metrics
196,https://medrxiv.org/content/10.1101/2020.07.27.20163188v1.article-metrics
197,https://biorxiv.org/content/10.1101/2020.07.29.227249v1.article-metrics
198,https://biorxiv.org/content/10.1101/2020.07.29.227389v1.article-metrics
199,https://medrxiv.org/content/10.1101/2020.07.25.20162024v1.article-metrics
200,https://biorxiv.org/content/10.1101/2020.07.28.223784v1.article-metrics
201,https://biorxiv.org/content/10.1101/2020.07.28.225151v1.article-metrics
202,https://biorxiv.org/content/10.1101/2020.07.27.224063v2.article-metrics
203,https://medrxiv.org/content/10.1101/2020.07.24.20161547v1.article-metrics
204,https://medrxiv.org/content/10.1101/2020.07.25.20161968v1.article-metrics
205,https://biorxiv.org/content/10.1101/2020.07.27.212076v1.article-metrics
206,https://biorxiv.org/content/10.1101/2020.07.27.223495v1.article-metrics
207,https://biorxiv.org/content/10.1101/2020.07.27.222943v1.article-metrics
208,https://biorxiv.org/content/10.1101/2020.07.26.222232v1.article-metrics
209,https://biorxiv.org/content/10.1101/2020.07.27.223578v1.article-metrics
210,https://biorxiv.org/content/10.1101/2020.07.26.221861v2.article-metrics
211,https://biorxiv.org/content/10.1101/2020.07.24.220715v1.article-metrics
212,https://medrxiv.org/content/10.1101/2020.07.20.20151019v1.article-metrics
213,https://medrxiv.org/content/10.1101/2020.07.20.20157503v1.article-metrics
214,https://medrxiv.org/content/10.1101/2020.07.22.20157263v2.article-metrics
215,https://medrxiv.org/content/10.1101/2020.07.20.20155507v1.article-metrics
216,https://biorxiv.org/content/10.1101/2020.07.26.219741v1.article-metrics
217,https://biorxiv.org/content/10.1101/2020.07.24.205583v1.article-metrics
218,https://medrxiv.org/content/10.1101/2020.07.21.20159376v1.article-metrics
219,https://medrxiv.org/content/10.1101/2020.07.21.20159327v1.article-metrics
220,https://medrxiv.org/content/10.1101/2020.07.23.20161208v2.article-metrics
221,https://medrxiv.org/content/10.1101/2020.07.23.20161182v1.article-metrics
222,https://biorxiv.org/content/10.1101/2020.07.23.218529v3.article-metrics
223,https://biorxiv.org/content/10.1101/2020.07.23.218784v1.article-metrics
224,https://medrxiv.org/content/10.1101/2020.07.23.20161000v1.article-metrics
225,https://biorxiv.org/content/10.1101/2020.07.23.212357v1.article-metrics
226,https://medrxiv.org/content/10.1101/2020.07.15.20154443v1.article-metrics
227,https://biorxiv.org/content/10.1101/2020.07.22.215962v1.article-metrics
228,https://biorxiv.org/content/10.1101/2020.07.22.216358v1.article-metrics
229,https://medrxiv.org/content/10.1101/2020.07.19.20157198v1.article-metrics
230,https://medrxiv.org/content/10.1101/2020.07.19.20157305v4.article-metrics
231,https://medrxiv.org/content/10.1101/2020.07.19.20157248v2.article-metrics
232,https://biorxiv.org/content/10.1101/2020.07.19.210955v1.article-metrics
233,https://biorxiv.org/content/10.1101/2020.07.18.209270v1.article-metrics
234,https://biorxiv.org/content/10.1101/2020.07.18.210211v1.article-metrics
235,https://biorxiv.org/content/10.1101/2020.07.18.206946v1.article-metrics
236,https://medrxiv.org/content/10.1101/2020.07.17.20156497v1.article-metrics
237,https://medrxiv.org/content/10.1101/2020.07.17.20156232v1.article-metrics
238,https://medrxiv.org/content/10.1101/2020.07.17.20156281v1.article-metrics
239,https://medrxiv.org/content/10.1101/2020.07.17.20156513v1.article-metrics
240,https://biorxiv.org/content/10.1101/2020.07.18.210161v1.article-metrics
241,https://medrxiv.org/content/10.1101/2020.07.16.20155614v3.article-metrics
242,https://medrxiv.org/content/10.1101/2020.07.17.20152389v3.article-metrics
243,https://biorxiv.org/content/10.1101/2020.07.16.206680v3.article-metrics
244,https://medrxiv.org/content/10.1101/2020.07.13.20152207v1.article-metrics
245,https://biorxiv.org/content/10.1101/2020.07.13.201517v1.article-metrics
246,https://medrxiv.org/content/10.1101/2020.07.10.20150714v1.article-metrics
247,https://biorxiv.org/content/10.1101/2020.07.14.201947v1.article-metrics
248,https://biorxiv.org/content/10.1101/2020.07.15.203489v1.article-metrics
249,https://medrxiv.org/content/10.1101/2020.07.12.20151936v1.article-metrics
250,https://biorxiv.org/content/10.1101/2020.07.13.201277v3.article-metrics
251,https://biorxiv.org/content/10.1101/2020.07.14.202549v2.article-metrics
252,https://medrxiv.org/content/10.1101/2020.07.12.20151696v1.article-metrics
253,https://medrxiv.org/content/10.1101/2020.07.11.20151563v1.article-metrics
254,https://medrxiv.org/content/10.1101/2020.07.13.20151233v5.article-metrics
255,https://medrxiv.org/content/10.1101/2020.07.13.20152678v1.article-metrics
256,https://biorxiv.org/content/10.1101/2020.07.12.199588v3.article-metrics
257,https://medrxiv.org/content/10.1101/2020.07.10.20150797v2.article-metrics
258,https://medrxiv.org/content/10.1101/2020.07.07.20148551v1.article-metrics
259,https://biorxiv.org/content/10.1101/2020.07.08.192104v2.article-metrics
260,https://medrxiv.org/content/10.1101/2020.07.03.20146134v1.article-metrics
261,https://medrxiv.org/content/10.1101/2020.07.03.20145722v1.article-metrics
262,https://medrxiv.org/content/10.1101/2020.07.01.20143925v2.article-metrics
263,https://medrxiv.org/content/10.1101/2020.06.26.20141044v1.article-metrics
264,https://medrxiv.org/content/10.1101/2020.06.26.20141341v2.article-metrics
265,https://medrxiv.org/content/10.1101/2020.06.26.20140814v2.article-metrics
266,https://biorxiv.org/content/10.1101/2020.06.26.174698v1.article-metrics
267,https://medrxiv.org/content/10.1101/2020.06.24.20129817v1.article-metrics
268,https://medrxiv.org/content/10.1101/2020.06.25.20137323v2.article-metrics
269,https://medrxiv.org/content/10.1101/2020.06.24.20139212v1.article-metrics
270,https://medrxiv.org/content/10.1101/2020.06.24.20139006v2.article-metrics
271,https://medrxiv.org/content/10.1101/2020.06.15.20117747v2.article-metrics
272,https://medrxiv.org/content/10.1101/2020.06.22.20137695v1.article-metrics
273,https://medrxiv.org/content/10.1101/2020.06.23.20137620v1.article-metrics
274,https://biorxiv.org/content/10.1101/2020.06.22.165803v2.article-metrics
275,https://biorxiv.org/content/10.1101/2020.06.22.165464v1.article-metrics
276,https://medrxiv.org/content/10.1101/2020.06.18.20135210v2.article-metrics
277,https://medrxiv.org/content/10.1101/2020.06.19.20135830v1.article-metrics
278,https://biorxiv.org/content/10.1101/2020.06.20.163097v1.article-metrics
279,https://biorxiv.org/content/10.1101/2020.06.22.165225v1.article-metrics
280,https://medrxiv.org/content/10.1101/2020.06.17.20134262v1.article-metrics
281,https://biorxiv.org/content/10.1101/2020.06.19.154930v2.article-metrics
282,https://medrxiv.org/content/10.1101/2020.06.19.20135749v1.article-metrics
283,https://medrxiv.org/content/10.1101/2020.06.19.20134908v1.article-metrics
284,https://medrxiv.org/content/10.1101/2020.06.19.20135095v2.article-metrics
285,https://medrxiv.org/content/10.1101/2020.06.12.20129718v1.article-metrics
286,https://medrxiv.org/content/10.1101/2020.06.16.20126425v1.article-metrics
287,https://medrxiv.org/content/10.1101/2020.06.17.20134114v3.article-metrics
288,https://medrxiv.org/content/10.1101/2020.06.17.20106302v3.article-metrics
289,https://medrxiv.org/content/10.1101/2020.06.17.20133348v1.article-metrics
290,https://medrxiv.org/content/10.1101/2020.06.16.20133025v1.article-metrics
291,https://biorxiv.org/content/10.1101/2020.06.17.158121v1.article-metrics
292,https://biorxiv.org/content/10.1101/2020.06.17.156554v2.article-metrics
293,https://biorxiv.org/content/10.1101/2020.06.15.153239v1.article-metrics
294,https://medrxiv.org/content/10.1101/2020.06.15.20131870v1.article-metrics
295,https://medrxiv.org/content/10.1101/2020.06.15.20131607v2.article-metrics
296,https://biorxiv.org/content/10.1101/2020.06.17.157982v1.article-metrics
297,https://biorxiv.org/content/10.1101/2020.06.16.155101v1.article-metrics
298,https://medrxiv.org/content/10.1101/2020.06.12.20126391v1.article-metrics
299,https://medrxiv.org/content/10.1101/2020.06.13.20129841v1.article-metrics
300,https://medrxiv.org/content/10.1101/2020.06.14.20128876v1.article-metrics
301,https://medrxiv.org/content/10.1101/2020.06.13.20130658v2.article-metrics
302,https://medrxiv.org/content/10.1101/2020.06.13.20130120v1.article-metrics
303,https://medrxiv.org/content/10.1101/2020.06.12.20127944v1.article-metrics
304,https://medrxiv.org/content/10.1101/2020.06.14.20131128v1.article-metrics
305,https://biorxiv.org/content/10.1101/2020.06.16.153817v1.article-metrics
306,https://biorxiv.org/content/10.1101/2020.06.15.153197v1.article-metrics
307,https://biorxiv.org/content/10.1101/2020.06.16.154708v1.article-metrics
308,https://biorxiv.org/content/10.1101/2020.06.16.155267v2.article-metrics
309,https://biorxiv.org/content/10.1101/2020.06.14.150607v2.article-metrics
310,https://biorxiv.org/content/10.1101/2020.06.14.151381v1.article-metrics
311,https://medrxiv.org/content/10.1101/2020.06.12.20128736v1.article-metrics
312,https://medrxiv.org/content/10.1101/2020.06.11.20129072v2.article-metrics
313,https://biorxiv.org/content/10.1101/2020.06.12.148916v1.article-metrics
314,https://medrxiv.org/content/10.1101/2020.06.12.20130021v1.article-metrics
315,https://medrxiv.org/content/10.1101/2020.06.09.20126946v2.article-metrics
316,https://medrxiv.org/content/10.1101/2020.06.11.20125849v1.article-metrics
317,https://medrxiv.org/content/10.1101/2020.06.08.20125369v2.article-metrics
318,https://medrxiv.org/content/10.1101/2020.06.10.20127845v1.article-metrics
319,https://medrxiv.org/content/10.1101/2020.06.10.20127589v1.article-metrics
320,https://medrxiv.org/content/10.1101/2020.06.11.20128702v1.article-metrics
321,https://biorxiv.org/content/10.1101/2020.06.11.147199v1.article-metrics
322,https://biorxiv.org/content/10.1101/2020.06.12.148726v1.article-metrics
323,https://medrxiv.org/content/10.1101/2020.06.09.20126516v1.article-metrics
324,https://medrxiv.org/content/10.1101/2020.06.09.20127050v1.article-metrics
325,https://medrxiv.org/content/10.1101/2020.06.09.20125690v1.article-metrics
326,https://medrxiv.org/content/10.1101/2020.06.09.20126813v1.article-metrics
327,https://medrxiv.org/content/10.1101/2020.06.09.20125831v1.article-metrics
328,https://biorxiv.org/content/10.1101/2020.06.11.146522v2.article-metrics
329,https://biorxiv.org/content/10.1101/2020.06.11.145920v1.article-metrics
330,https://biorxiv.org/content/10.1101/2020.06.10.145144v1.article-metrics
331,https://biorxiv.org/content/10.1101/2020.06.09.134460v1.article-metrics
332,https://medrxiv.org/content/10.1101/2020.06.08.20125856v1.article-metrics
333,https://medrxiv.org/content/10.1101/2020.06.06.20123414v2.article-metrics
334,https://biorxiv.org/content/10.1101/2020.06.08.138990v1.article-metrics
335,https://biorxiv.org/content/10.1101/2020.06.08.141267v1.article-metrics
336,https://medrxiv.org/content/10.1101/2020.06.08.20124792v2.article-metrics
337,https://medrxiv.org/content/10.1101/2020.06.07.20125096v1.article-metrics
338,https://medrxiv.org/content/10.1101/2020.06.08.20124990v1.article-metrics
339,https://medrxiv.org/content/10.1101/2020.06.04.20122549v1.article-metrics
340,https://biorxiv.org/content/10.1101/2020.06.08.140244v3.article-metrics
341,https://medrxiv.org/content/10.1101/2020.06.05.20123117v1.article-metrics
342,https://medrxiv.org/content/10.1101/2020.06.05.20123760v4.article-metrics
343,https://medrxiv.org/content/10.1101/2020.06.05.20123372v1.article-metrics
344,https://medrxiv.org/content/10.1101/2020.06.03.20121558v1.article-metrics
345,https://biorxiv.org/content/10.1101/2020.06.05.136887v2.article-metrics
346,https://medrxiv.org/content/10.1101/2020.06.04.20109306v1.article-metrics
347,https://medrxiv.org/content/10.1101/2020.06.04.20112011v1.article-metrics
348,https://medrxiv.org/content/10.1101/2020.06.04.20121673v1.article-metrics
349,https://medrxiv.org/content/10.1101/2020.06.04.20121863v1.article-metrics
350,https://biorxiv.org/content/10.1101/2020.06.04.135046v1.article-metrics
351,https://biorxiv.org/content/10.1101/2020.06.05.136861v2.article-metrics
352,https://medrxiv.org/content/10.1101/2020.06.04.20122044v1.article-metrics
353,https://medrxiv.org/content/10.1101/2020.06.04.20122358v2.article-metrics
354,https://biorxiv.org/content/10.1101/2020.06.04.135004v1.article-metrics
355,https://biorxiv.org/content/10.1101/2020.06.02.131144v1.article-metrics
356,https://biorxiv.org/content/10.1101/2020.06.03.132639v1.article-metrics
357,https://medrxiv.org/content/10.1101/2020.06.02.20120790v2.article-metrics
358,https://medrxiv.org/content/10.1101/2020.06.02.20120477v1.article-metrics
359,https://medrxiv.org/content/10.1101/2020.06.02.20120865v2.article-metrics
360,https://medrxiv.org/content/10.1101/2020.05.30.20118109v1.article-metrics
361,https://biorxiv.org/content/10.1101/2020.06.03.130591v1.article-metrics
362,https://biorxiv.org/content/10.1101/2020.06.03.129817v1.article-metrics
363,https://biorxiv.org/content/10.1101/2020.06.02.130955v2.article-metrics
364,https://medrxiv.org/content/10.1101/2020.05.28.20105692v1.article-metrics
365,https://medrxiv.org/content/10.1101/2020.06.01.20118984v1.article-metrics
366,https://medrxiv.org/content/10.1101/2020.05.29.20110098v1.article-metrics
367,https://medrxiv.org/content/10.1101/2020.05.28.20115220v1.article-metrics
368,https://medrxiv.org/content/10.1101/2020.06.01.20118885v1.article-metrics
369,https://medrxiv.org/content/10.1101/2020.05.29.20065714v1.article-metrics
370,https://medrxiv.org/content/10.1101/2020.05.29.20086645v3.article-metrics
371,https://medrxiv.org/content/10.1101/2020.05.31.20118802v2.article-metrics
372,https://medrxiv.org/content/10.1101/2020.05.29.20100735v1.article-metrics
373,https://biorxiv.org/content/10.1101/2020.06.01.127589v2.article-metrics
374,https://medrxiv.org/content/10.1101/2020.05.28.20115899v3.article-metrics
375,https://medrxiv.org/content/10.1101/2020.05.28.20115642v2.article-metrics
376,https://biorxiv.org/content/10.1101/2020.05.30.125484v1.article-metrics
377,https://medrxiv.org/content/10.1101/2020.05.28.20115758v1.article-metrics
378,https://medrxiv.org/content/10.1101/2020.05.28.20115667v1.article-metrics
379,https://medrxiv.org/content/10.1101/2020.05.29.20117184v1.article-metrics
380,https://medrxiv.org/content/10.1101/2020.05.28.20115949v1.article-metrics
381,https://medrxiv.org/content/10.1101/2020.05.29.20116426v1.article-metrics
382,https://medrxiv.org/content/10.1101/2020.05.28.20116301v2.article-metrics
383,https://medrxiv.org/content/10.1101/2020.05.27.20115303v1.article-metrics
384,https://medrxiv.org/content/10.1101/2020.05.28.20115378v1.article-metrics
385,https://medrxiv.org/content/10.1101/2020.05.27.20114652v1.article-metrics
386,https://biorxiv.org/content/10.1101/2020.05.28.122366v2.article-metrics
387,https://biorxiv.org/content/10.1101/2020.05.28.121533v1.article-metrics
388,https://biorxiv.org/content/10.1101/2020.05.28.119131v1.article-metrics
389,https://biorxiv.org/content/10.1101/2020.05.27.120105v2.article-metrics
390,https://biorxiv.org/content/10.1101/2020.05.28.121640v1.article-metrics
391,https://biorxiv.org/content/10.1101/2020.05.27.117184v4.article-metrics
392,https://medrxiv.org/content/10.1101/2020.05.26.20113480v1.article-metrics
393,https://medrxiv.org/content/10.1101/2020.05.22.20106328v1.article-metrics
394,https://medrxiv.org/content/10.1101/2020.05.19.20106344v1.article-metrics
395,https://medrxiv.org/content/10.1101/2020.05.19.20107144v2.article-metrics
396,https://medrxiv.org/content/10.1101/2020.05.23.20111435v2.article-metrics
397,https://medrxiv.org/content/10.1101/2020.05.20.20108159v1.article-metrics
398,https://medrxiv.org/content/10.1101/2020.05.22.20110148v2.article-metrics
399,https://medrxiv.org/content/10.1101/2020.05.19.20107482v2.article-metrics
400,https://medrxiv.org/content/10.1101/2020.05.21.20109280v1.article-metrics
401,https://medrxiv.org/content/10.1101/2020.05.24.20111914v1.article-metrics
402,https://medrxiv.org/content/10.1101/2020.05.25.20112433v2.article-metrics
403,https://medrxiv.org/content/10.1101/2020.05.21.20109116v2.article-metrics
404,https://biorxiv.org/content/10.1101/2020.05.21.108035v1.article-metrics
405,https://biorxiv.org/content/10.1101/2020.05.22.111187v2.article-metrics
406,https://biorxiv.org/content/10.1101/2020.05.22.111518v1.article-metrics
407,https://biorxiv.org/content/10.1101/2020.05.23.112235v2.article-metrics
408,https://biorxiv.org/content/10.1101/2020.05.21.109322v1.article-metrics
409,https://biorxiv.org/content/10.1101/2020.05.20.106401v1.article-metrics
410,https://biorxiv.org/content/10.1101/2020.05.21.109124v2.article-metrics
411,https://medrxiv.org/content/10.1101/2020.05.21.20109074v1.article-metrics
412,https://biorxiv.org/content/10.1101/2020.05.22.111005v1.article-metrics
413,https://medrxiv.org/content/10.1101/2020.05.17.20101915v1.article-metrics
414,https://medrxiv.org/content/10.1101/2020.05.17.20104604v1.article-metrics
415,https://medrxiv.org/content/10.1101/2020.05.19.20103036v1.article-metrics
416,https://medrxiv.org/content/10.1101/2020.05.20.20104398v1.article-metrics
417,https://biorxiv.org/content/10.1101/2020.05.21.109272v1.article-metrics
418,https://medrxiv.org/content/10.1101/2020.05.18.20105494v1.article-metrics
419,https://biorxiv.org/content/10.1101/2020.05.16.091520v2.article-metrics
420,https://biorxiv.org/content/10.1101/2020.05.21.108381v1.article-metrics
421,https://biorxiv.org/content/10.1101/2020.05.20.103325v2.article-metrics
422,https://medrxiv.org/content/10.1101/2020.05.15.20103655v2.article-metrics
423,https://medrxiv.org/content/10.1101/2020.05.15.20103531v3.article-metrics
424,https://biorxiv.org/content/10.1101/2020.05.20.105247v1.article-metrics
425,https://biorxiv.org/content/10.1101/2020.05.18.103184v1.article-metrics
426,https://medrxiv.org/content/10.1101/2020.05.15.20103226v1.article-metrics
427,https://medrxiv.org/content/10.1101/2020.05.14.20102038v1.article-metrics
428,https://medrxiv.org/content/10.1101/2020.05.13.20100206v2.article-metrics
429,https://medrxiv.org/content/10.1101/2020.05.14.20101873v1.article-metrics
430,https://medrxiv.org/content/10.1101/2020.05.17.20104943v1.article-metrics
431,https://medrxiv.org/content/10.1101/2020.05.15.20096552v1.article-metrics
432,https://biorxiv.org/content/10.1101/2020.05.19.103846v1.article-metrics
433,https://medrxiv.org/content/10.1101/2020.05.16.20098657v1.article-metrics
434,https://medrxiv.org/content/10.1101/2020.05.18.20105171v4.article-metrics
435,https://biorxiv.org/content/10.1101/2020.05.18.102087v1.article-metrics
436,https://biorxiv.org/content/10.1101/2020.05.18.101717v1.article-metrics
437,https://biorxiv.org/content/10.1101/2020.05.18.102038v1.article-metrics
438,https://medrxiv.org/content/10.1101/2020.05.14.20091843v1.article-metrics
439,https://medrxiv.org/content/10.1101/2020.05.06.20092841v1.article-metrics
440,https://medrxiv.org/content/10.1101/2020.05.16.20103408v2.article-metrics
441,https://medrxiv.org/content/10.1101/2020.05.15.20103341v2.article-metrics
442,https://medrxiv.org/content/10.1101/2020.05.12.20073577v2.article-metrics
443,https://medrxiv.org/content/10.1101/2020.05.11.20098228v1.article-metrics
444,https://medrxiv.org/content/10.1101/2020.05.12.20099135v1.article-metrics
445,https://medrxiv.org/content/10.1101/2020.05.13.20095190v1.article-metrics
446,https://biorxiv.org/content/10.1101/2020.05.12.091256v1.article-metrics
447,https://biorxiv.org/content/10.1101/2020.05.16.088989v1.article-metrics
448,https://biorxiv.org/content/10.1101/2020.05.17.100289v1.article-metrics
449,https://medrxiv.org/content/10.1101/2020.05.12.20099192v2.article-metrics
450,https://medrxiv.org/content/10.1101/2020.05.13.20100198v1.article-metrics
451,https://medrxiv.org/content/10.1101/2020.05.13.20100925v1.article-metrics
452,https://medrxiv.org/content/10.1101/2020.05.13.20100982v2.article-metrics
453,https://medrxiv.org/content/10.1101/2020.05.14.20102491v1.article-metrics
454,https://biorxiv.org/content/10.1101/2020.05.14.095885v2.article-metrics
455,https://medrxiv.org/content/10.1101/2020.05.10.20096073v2.article-metrics
456,https://biorxiv.org/content/10.1101/2020.05.13.092619v2.article-metrics
457,https://biorxiv.org/content/10.1101/2020.05.15.096719v1.article-metrics
458,https://biorxiv.org/content/10.1101/2020.05.15.096511v2.article-metrics
459,https://biorxiv.org/content/10.1101/2020.05.15.098731v1.article-metrics
460,https://biorxiv.org/content/10.1101/2020.05.15.098079v3.article-metrics
461,https://biorxiv.org/content/10.1101/2020.05.14.095661v2.article-metrics
462,https://biorxiv.org/content/10.1101/2020.05.13.092536v2.article-metrics
463,https://biorxiv.org/content/10.1101/2020.05.14.096727v1.article-metrics
464,https://medrxiv.org/content/10.1101/2020.05.11.20097980v1.article-metrics
465,https://biorxiv.org/content/10.1101/2020.05.14.093757v1.article-metrics
466,https://medrxiv.org/content/10.1101/2020.05.10.20097535v1.article-metrics
467,https://medrxiv.org/content/10.1101/2020.05.12.20099879v1.article-metrics
468,https://medrxiv.org/content/10.1101/2020.05.05.20092452v2.article-metrics
469,https://medrxiv.org/content/10.1101/2020.05.08.20095471v1.article-metrics
470,https://medrxiv.org/content/10.1101/2020.05.08.20095893v1.article-metrics
471,https://medrxiv.org/content/10.1101/2020.05.09.20096438v1.article-metrics
472,https://medrxiv.org/content/10.1101/2020.05.09.20096511v2.article-metrics
473,https://biorxiv.org/content/10.1101/2020.05.12.091983v3.article-metrics
474,https://biorxiv.org/content/10.1101/2020.05.13.093195v1.article-metrics
475,https://medrxiv.org/content/10.1101/2020.05.07.20094805v1.article-metrics
476,https://medrxiv.org/content/10.1101/2020.05.08.20095505v2.article-metrics
477,https://medrxiv.org/content/10.1101/2020.05.08.20092866v1.article-metrics
478,https://medrxiv.org/content/10.1101/2020.05.08.20095463v1.article-metrics
479,https://medrxiv.org/content/10.1101/2020.05.08.20093229v1.article-metrics
480,https://biorxiv.org/content/10.1101/2020.05.12.091298v1.article-metrics
481,https://biorxiv.org/content/10.1101/2020.05.12.091090v2.article-metrics
482,https://medrxiv.org/content/10.1101/2020.05.07.20091769v1.article-metrics
483,https://medrxiv.org/content/10.1101/2020.05.07.20083386v1.article-metrics
484,https://medrxiv.org/content/10.1101/2020.05.07.20093542v2.article-metrics
485,https://medrxiv.org/content/10.1101/2020.05.08.20031666v1.article-metrics
486,https://biorxiv.org/content/10.1101/2020.05.11.089045v1.article-metrics
487,https://biorxiv.org/content/10.1101/2020.05.11.088674v2.article-metrics
488,https://medrxiv.org/content/10.1101/2020.05.06.20091900v1.article-metrics
489,https://medrxiv.org/content/10.1101/2020.05.06.20093377v1.article-metrics
490,https://biorxiv.org/content/10.1101/2020.05.10.087288v1.article-metrics
491,https://biorxiv.org/content/10.1101/2020.05.08.084806v2.article-metrics
492,https://medrxiv.org/content/10.1101/2020.05.05.20092379v1.article-metrics
493,https://medrxiv.org/content/10.1101/2020.05.05.20091975v3.article-metrics
494,https://biorxiv.org/content/10.1101/2020.05.08.084996v1.article-metrics
495,https://medrxiv.org/content/10.1101/2020.05.02.20088872v1.article-metrics
496,https://medrxiv.org/content/10.1101/2020.05.04.20090274v1.article-metrics
497,https://medrxiv.org/content/10.1101/2020.05.04.20090803v1.article-metrics
498,https://medrxiv.org/content/10.1101/2020.05.04.20090944v1.article-metrics
499,https://medrxiv.org/content/10.1101/2020.05.04.20091231v1.article-metrics
500,https://medrxiv.org/content/10.1101/2020.05.05.20091553v1.article-metrics
501,https://biorxiv.org/content/10.1101/2020.05.08.082701v1.article-metrics
502,https://biorxiv.org/content/10.1101/2020.05.05.078758v5.article-metrics
503,https://medrxiv.org/content/10.1101/2020.05.03.20086819v1.article-metrics
504,https://medrxiv.org/content/10.1101/2020.05.03.20089813v1.article-metrics
505,https://medrxiv.org/content/10.1101/2020.05.05.20083436v1.article-metrics
506,https://medrxiv.org/content/10.1101/2020.05.03.20089920v1.article-metrics
507,https://medrxiv.org/content/10.1101/2020.05.04.20086322v1.article-metrics
508,https://medrxiv.org/content/10.1101/2020.05.01.20088054v3.article-metrics
509,https://biorxiv.org/content/10.1101/2020.05.06.081497v1.article-metrics
510,https://biorxiv.org/content/10.1101/2020.05.06.081695v2.article-metrics
511,https://medrxiv.org/content/10.1101/2020.05.04.20090761v1.article-metrics
512,https://medrxiv.org/content/10.1101/2020.05.05.20092361v2.article-metrics
513,https://medrxiv.org/content/10.1101/2020.05.02.20088997v1.article-metrics
514,https://medrxiv.org/content/10.1101/2020.05.02.20088765v1.article-metrics
515,https://medrxiv.org/content/10.1101/2020.05.03.20089078v1.article-metrics
516,https://medrxiv.org/content/10.1101/2020.05.02.20082461v1.article-metrics
517,https://medrxiv.org/content/10.1101/2020.05.01.20086801v2.article-metrics
518,https://medrxiv.org/content/10.1101/2020.05.01.20087429v1.article-metrics
519,https://medrxiv.org/content/10.1101/2020.05.02.20088336v1.article-metrics
520,https://medrxiv.org/content/10.1101/2020.04.29.20085233v1.article-metrics
521,https://medrxiv.org/content/10.1101/2020.04.30.20086264v1.article-metrics
522,https://medrxiv.org/content/10.1101/2020.05.05.20075507v1.article-metrics
523,https://medrxiv.org/content/10.1101/2020.04.30.20086652v1.article-metrics
524,https://biorxiv.org/content/10.1101/2020.05.04.075291v2.article-metrics
525,https://medrxiv.org/content/10.1101/2020.05.04.20074609v1.article-metrics
526,https://medrxiv.org/content/10.1101/2020.04.29.20083485v1.article-metrics
527,https://biorxiv.org/content/10.1101/2020.05.05.079095v1.article-metrics
528,https://medrxiv.org/content/10.1101/2020.04.30.20081257v2.article-metrics
529,https://medrxiv.org/content/10.1101/2020.05.02.20084673v1.article-metrics
530,https://medrxiv.org/content/10.1101/2020.04.29.20066506v1.article-metrics
531,https://medrxiv.org/content/10.1101/2020.04.26.20081059v1.article-metrics
532,https://medrxiv.org/content/10.1101/2020.04.28.20083311v1.article-metrics
533,https://medrxiv.org/content/10.1101/2020.04.29.20083717v2.article-metrics
534,https://medrxiv.org/content/10.1101/2020.04.27.20081737v2.article-metrics
535,https://medrxiv.org/content/10.1101/2020.04.27.20082107v1.article-metrics
536,https://medrxiv.org/content/10.1101/2020.04.27.20081893v3.article-metrics
537,https://medrxiv.org/content/10.1101/2020.04.28.20083279v1.article-metrics
538,https://medrxiv.org/content/10.1101/2020.04.26.20075937v1.article-metrics
539,https://medrxiv.org/content/10.1101/2020.04.28.20075481v1.article-metrics
540,https://medrxiv.org/content/10.1101/2020.04.27.20077016v1.article-metrics
541,https://medrxiv.org/content/10.1101/2020.04.26.20081109v2.article-metrics
542,https://medrxiv.org/content/10.1101/2020.04.29.20085738v1.article-metrics
543,https://medrxiv.org/content/10.1101/2020.04.29.20085514v1.article-metrics
544,https://medrxiv.org/content/10.1101/2020.04.26.20079756v1.article-metrics
545,https://medrxiv.org/content/10.1101/2020.04.24.20078576v3.article-metrics
546,https://medrxiv.org/content/10.1101/2020.04.28.20083865v2.article-metrics
547,https://medrxiv.org/content/10.1101/2020.04.24.20078204v1.article-metrics
548,https://medrxiv.org/content/10.1101/2020.04.24.20079012v2.article-metrics
549,https://medrxiv.org/content/10.1101/2020.04.25.20074856v2.article-metrics
550,https://medrxiv.org/content/10.1101/2020.04.23.20077545v2.article-metrics
551,https://medrxiv.org/content/10.1101/2020.04.23.20074310v1.article-metrics
552,https://medrxiv.org/content/10.1101/2020.04.23.20074708v1.article-metrics
553,https://medrxiv.org/content/10.1101/2020.04.23.20076885v1.article-metrics
554,https://medrxiv.org/content/10.1101/2020.04.23.20076935v1.article-metrics
555,https://medrxiv.org/content/10.1101/2020.04.23.20076943v1.article-metrics
556,https://biorxiv.org/content/10.1101/2020.04.28.065201v1.article-metrics
557,https://medrxiv.org/content/10.1101/2020.04.23.20076679v2.article-metrics
558,https://medrxiv.org/content/10.1101/2020.04.22.20075416v3.article-metrics
559,https://medrxiv.org/content/10.1101/2020.04.23.20075796v1.article-metrics
560,https://medrxiv.org/content/10.1101/2020.04.22.20075762v2.article-metrics
561,https://biorxiv.org/content/10.1101/2020.04.26.061705v1.article-metrics
562,https://medrxiv.org/content/10.1101/2020.04.23.20076737v1.article-metrics
563,https://biorxiv.org/content/10.1101/2020.04.24.059527v5.article-metrics
564,https://medrxiv.org/content/10.1101/2020.04.22.20074336v2.article-metrics
565,https://biorxiv.org/content/10.1101/2020.04.22.056747v1.article-metrics
566,https://medrxiv.org/content/10.1101/2020.04.20.20071423v1.article-metrics
567,https://medrxiv.org/content/10.1101/2020.04.20.20072470v1.article-metrics
568,https://medrxiv.org/content/10.1101/2020.04.20.20073338v1.article-metrics
569,https://medrxiv.org/content/10.1101/2020.04.20.20072702v2.article-metrics
570,https://medrxiv.org/content/10.1101/2020.04.20.20073080v2.article-metrics
571,https://medrxiv.org/content/10.1101/2020.04.20.20073031v2.article-metrics
572,https://medrxiv.org/content/10.1101/2020.04.17.20069930v1.article-metrics
573,https://medrxiv.org/content/10.1101/2020.04.19.20069922v2.article-metrics
574,https://medrxiv.org/content/10.1101/2020.04.19.20062117v2.article-metrics
575,https://medrxiv.org/content/10.1101/2020.04.19.20065219v1.article-metrics
576,https://medrxiv.org/content/10.1101/2020.04.19.20069948v2.article-metrics
577,https://medrxiv.org/content/10.1101/2020.04.17.20069641v1.article-metrics
578,https://biorxiv.org/content/10.1101/2020.04.21.042911v1.article-metrics
579,https://medrxiv.org/content/10.1101/2020.04.16.20068411v1.article-metrics
580,https://medrxiv.org/content/10.1101/2020.04.19.20071944v1.article-metrics
581,https://medrxiv.org/content/10.1101/2020.04.20.20072116v2.article-metrics
582,https://medrxiv.org/content/10.1101/2020.04.17.20057125v1.article-metrics
583,https://biorxiv.org/content/10.1101/2020.04.21.051912v1.article-metrics
584,https://biorxiv.org/content/10.1101/2020.04.21.053017v2.article-metrics
585,https://medrxiv.org/content/10.1101/2020.04.16.20065920v2.article-metrics
586,https://biorxiv.org/content/10.1101/2020.04.20.051656v1.article-metrics
587,https://medrxiv.org/content/10.1101/2020.04.15.20064485v1.article-metrics
588,https://medrxiv.org/content/10.1101/2020.04.15.20066746v2.article-metrics
589,https://biorxiv.org/content/10.1101/2020.04.16.045302v1.article-metrics
590,https://biorxiv.org/content/10.1101/2020.04.17.045161v1.article-metrics
591,https://medrxiv.org/content/10.1101/2020.04.13.20063784v1.article-metrics
592,https://medrxiv.org/content/10.1101/2020.04.15.20066431v2.article-metrics
593,https://biorxiv.org/content/10.1101/2020.04.15.043364v2.article-metrics
594,https://biorxiv.org/content/10.1101/2020.04.16.044016v1.article-metrics
595,https://medrxiv.org/content/10.1101/2020.04.14.20065771v1.article-metrics
596,https://medrxiv.org/content/10.1101/2020.04.14.20065128v2.article-metrics
597,https://medrxiv.org/content/10.1101/2020.04.14.20065201v1.article-metrics
598,https://medrxiv.org/content/10.1101/2020.04.11.20060749v1.article-metrics
599,https://medrxiv.org/content/10.1101/2020.04.12.20062828v1.article-metrics
600,https://medrxiv.org/content/10.1101/2020.04.12.20062661v2.article-metrics
601,https://medrxiv.org/content/10.1101/2020.04.13.20063271v1.article-metrics
602,https://medrxiv.org/content/10.1101/2020.04.13.20063776v1.article-metrics
603,https://medrxiv.org/content/10.1101/2020.04.13.20063669v1.article-metrics
604,https://medrxiv.org/content/10.1101/2020.04.11.20062018v2.article-metrics
605,https://medrxiv.org/content/10.1101/2020.04.11.20062331v2.article-metrics
606,https://medrxiv.org/content/10.1101/2020.04.11.20056010v1.article-metrics
607,https://medrxiv.org/content/10.1101/2020.04.11.20061960v1.article-metrics
608,https://medrxiv.org/content/10.1101/2020.04.10.20060863v1.article-metrics
609,https://medrxiv.org/content/10.1101/2020.04.09.20059204v1.article-metrics
610,https://medrxiv.org/content/10.1101/2020.04.09.20059360v2.article-metrics
611,https://medrxiv.org/content/10.1101/2020.04.10.20060962v2.article-metrics
612,https://medrxiv.org/content/10.1101/2020.04.09.20059626v1.article-metrics
613,https://medrxiv.org/content/10.1101/2020.04.07.20056812v2.article-metrics
614,https://medrxiv.org/content/10.1101/2020.04.08.20058248v1.article-metrics
615,https://medrxiv.org/content/10.1101/2020.04.08.20057661v1.article-metrics
616,https://medrxiv.org/content/10.1101/2020.04.08.20058719v1.article-metrics
617,https://medrxiv.org/content/10.1101/2020.04.08.20058073v3.article-metrics
618,https://medrxiv.org/content/10.1101/2020.04.08.20057067v1.article-metrics
619,https://biorxiv.org/content/10.1101/2020.04.09.034454v1.article-metrics
620,https://biorxiv.org/content/10.1101/2020.04.07.023903v3.article-metrics
621,https://biorxiv.org/content/10.1101/2020.04.07.030734v2.article-metrics
622,https://medrxiv.org/content/10.1101/2020.04.03.20052548v1.article-metrics
623,https://medrxiv.org/content/10.1101/2020.04.05.20053819v3.article-metrics
624,https://medrxiv.org/content/10.1101/2020.04.04.20047886v2.article-metrics
625,https://medrxiv.org/content/10.1101/2020.04.04.20053629v1.article-metrics
626,https://medrxiv.org/content/10.1101/2020.04.02.20051417v2.article-metrics
627,https://medrxiv.org/content/10.1101/2020.04.02.20051177v1.article-metrics
628,https://biorxiv.org/content/10.1101/2020.04.01.019877v1.article-metrics
629,https://biorxiv.org/content/10.1101/2020.04.02.022764v2.article-metrics
630,https://biorxiv.org/content/10.1101/2020.04.02.019075v3.article-metrics
631,https://medrxiv.org/content/10.1101/2020.04.01.20050492v1.article-metrics
632,https://medrxiv.org/content/10.1101/2020.03.30.20047456v3.article-metrics
633,https://medrxiv.org/content/10.1101/2020.03.29.20047118v1.article-metrics
634,https://medrxiv.org/content/10.1101/2020.03.30.20047993v1.article-metrics
635,https://medrxiv.org/content/10.1101/2020.03.29.20046631v2.article-metrics
636,https://biorxiv.org/content/10.1101/2020.03.30.016931v2.article-metrics
637,https://biorxiv.org/content/10.1101/2020.03.29.008631v1.article-metrics
638,https://medrxiv.org/content/10.1101/2020.03.27.20043661v1.article-metrics
639,https://medrxiv.org/content/10.1101/2020.03.27.20044925v1.article-metrics
640,https://medrxiv.org/content/10.1101/2020.03.27.20045815v1.article-metrics
641,https://medrxiv.org/content/10.1101/2020.03.26.20044693v1.article-metrics
642,https://medrxiv.org/content/10.1101/2020.03.26.20044263v1.article-metrics
643,https://medrxiv.org/content/10.1101/2020.03.26.20044750v2.article-metrics
644,https://biorxiv.org/content/10.1101/2020.03.28.013920v1.article-metrics
645,https://biorxiv.org/content/10.1101/2020.03.25.008904v1.article-metrics
646,https://biorxiv.org/content/10.1101/2020.03.26.010322v1.article-metrics
647,https://biorxiv.org/content/10.1101/2020.03.27.012906v2.article-metrics
648,https://medrxiv.org/content/10.1101/2020.03.23.20041814v1.article-metrics
649,https://medrxiv.org/content/10.1101/2020.03.22.20041145v1.article-metrics
650,https://biorxiv.org/content/10.1101/2020.03.23.004176v2.article-metrics
651,https://medrxiv.org/content/10.1101/2020.03.21.20040261v1.article-metrics
652,https://medrxiv.org/content/10.1101/2020.03.26.20039438v1.article-metrics
653,https://medrxiv.org/content/10.1101/2020.03.24.20042317v1.article-metrics
654,https://medrxiv.org/content/10.1101/2020.03.23.20038331v3.article-metrics
655,https://medrxiv.org/content/10.1101/2020.03.25.20043828v1.article-metrics
656,https://biorxiv.org/content/10.1101/2020.03.24.006544v1.article-metrics
657,https://medrxiv.org/content/10.1101/2020.03.20.20039602v2.article-metrics
658,https://medrxiv.org/content/10.1101/2020.03.18.20038455v1.article-metrics
659,https://biorxiv.org/content/10.1101/2020.03.20.000885v2.article-metrics
660,https://biorxiv.org/content/10.1101/2020.03.22.002386v3.article-metrics
661,https://biorxiv.org/content/10.1101/2020.03.19.998724v1.article-metrics
662,https://biorxiv.org/content/10.1101/2020.03.21.001628v1.article-metrics
663,https://biorxiv.org/content/10.1101/2020.03.20.000141v2.article-metrics
664,https://biorxiv.org/content/10.1101/2020.03.18.997585v1.article-metrics
665,https://medrxiv.org/content/10.1101/2020.03.16.20037176v2.article-metrics
666,https://medrxiv.org/content/10.1101/2020.03.19.20039107v1.article-metrics
667,https://biorxiv.org/content/10.1101/2020.03.15.993097v1.article-metrics
668,https://biorxiv.org/content/10.1101/2020.03.15.992883v1.article-metrics
669,https://biorxiv.org/content/10.1101/2020.03.16.994236v3.article-metrics
670,https://medrxiv.org/content/10.1101/2020.03.13.20035618v1.article-metrics
671,https://medrxiv.org/content/10.1101/2020.03.09.20033241v2.article-metrics
672,https://medrxiv.org/content/10.1101/2020.03.10.20033522v1.article-metrics
673,https://medrxiv.org/content/10.1101/2020.03.09.20033530v2.article-metrics
674,https://medrxiv.org/content/10.1101/2020.03.09.20033217v2.article-metrics
675,https://medrxiv.org/content/10.1101/2020.03.06.20032334v2.article-metrics
676,https://medrxiv.org/content/10.1101/2020.03.06.20032417v1.article-metrics
677,https://biorxiv.org/content/10.1101/2020.03.03.972133v1.article-metrics
678,https://biorxiv.org/content/10.1101/2020.03.04.977736v1.article-metrics
679,https://medrxiv.org/content/10.1101/2020.03.04.20031005v1.article-metrics
680,https://medrxiv.org/content/10.1101/2020.03.04.20030395v1.article-metrics
681,https://biorxiv.org/content/10.1101/2020.03.02.968818v1.article-metrics
682,https://biorxiv.org/content/10.1101/2020.03.02.972935v2.article-metrics
683,https://biorxiv.org/content/10.1101/2020.02.29.971101v1.article-metrics
684,https://medrxiv.org/content/10.1101/2020.02.23.20026856v2.article-metrics
685,https://medrxiv.org/content/10.1101/2020.02.21.20026328v1.article-metrics
686,https://medrxiv.org/content/10.1101/2020.02.19.20025452v4.article-metrics
687,https://biorxiv.org/content/10.1101/2020.02.20.958272v2.article-metrics
688,https://medrxiv.org/content/10.1101/2020.02.14.20023127v1.article-metrics
689,https://biorxiv.org/content/10.1101/2020.02.11.944462v1.article-metrics
690,https://biorxiv.org/content/10.1101/2020.02.05.936013v1.article-metrics
691,https://biorxiv.org/content/10.1101/2020.02.07.939207v1.article-metrics
692,https://medrxiv.org/content/10.1101/2020.02.09.20021261v1.article-metrics
693,https://biorxiv.org/content/10.1101/2020.02.04.933135v1.article-metrics
694,https://medrxiv.org/content/10.1101/2020.02.04.20020495v2.article-metrics
695,https://medrxiv.org/content/10.1101/2020.02.04.20020479v2.article-metrics
696,https://biorxiv.org/content/10.1101/2020.01.30.927889v1.article-metrics
697,https://medrxiv.org/content/10.1101/2020.01.28.20019224v2.article-metrics
698,https://biorxiv.org/content/10.1101/2020.01.26.920249v1.article-metrics
699,https://biorxiv.org/content/10.1101/2020.01.22.915660v1.article-metrics
700,https://biorxiv.org/content/10.1101/2020.10.15.341479v1.article-metrics
701,https://medrxiv.org/content/10.1101/2020.10.11.20210740v1.article-metrics
702,https://medrxiv.org/content/10.1101/2020.09.23.20200485v1.article-metrics
703,https://medrxiv.org/content/10.1101/2020.09.10.20192260v1.article-metrics
704,https://biorxiv.org/content/10.1101/2020.09.10.286948v2.article-metrics
705,https://medrxiv.org/content/10.1101/2020.09.02.20187070v2.article-metrics
706,https://medrxiv.org/content/10.1101/2020.08.24.20180893v1.article-metrics
707,https://medrxiv.org/content/10.1101/2020.08.14.20173369v1.article-metrics
708,https://biorxiv.org/content/10.1101/2020.08.11.245415v1.article-metrics
709,https://medrxiv.org/content/10.1101/2020.08.12.20173740v1.article-metrics
710,https://medrxiv.org/content/10.1101/2020.08.11.20172734v2.article-metrics
711,https://medrxiv.org/content/10.1101/2020.08.12.20173831v3.article-metrics
712,https://medrxiv.org/content/10.1101/2020.08.06.20169581v2.article-metrics
713,https://biorxiv.org/content/10.1101/2020.08.09.243451v1.article-metrics
714,https://biorxiv.org/content/10.1101/2020.08.02.233536v1.article-metrics
715,https://medrxiv.org/content/10.1101/2020.07.20.20157784v1.article-metrics
716,https://medrxiv.org/content/10.1101/2020.07.16.20155531v3.article-metrics
717,https://medrxiv.org/content/10.1101/2020.07.15.20126730v1.article-metrics
718,https://medrxiv.org/content/10.1101/2020.07.05.20146589v1.article-metrics
719,https://medrxiv.org/content/10.1101/2020.07.13.20152694v1.article-metrics
720,https://biorxiv.org/content/10.1101/2020.07.06.190207v1.article-metrics
721,https://medrxiv.org/content/10.1101/2020.07.02.20144543v1.article-metrics
722,https://medrxiv.org/content/10.1101/2020.07.01.20144436v1.article-metrics
723,https://medrxiv.org/content/10.1101/2020.06.29.20140376v1.article-metrics
724,https://medrxiv.org/content/10.1101/2020.06.19.20128207v1.article-metrics
725,https://biorxiv.org/content/10.1101/2020.06.26.173567v1.article-metrics
726,https://medrxiv.org/content/10.1101/2020.06.12.20129908v1.article-metrics
727,https://medrxiv.org/content/10.1101/2020.06.09.20127043v2.article-metrics
728,https://biorxiv.org/content/10.1101/2020.06.09.142372v2.article-metrics
729,https://medrxiv.org/content/10.1101/2020.06.08.20125245v1.article-metrics
730,https://medrxiv.org/content/10.1101/2020.05.31.20118455v1.article-metrics
731,https://medrxiv.org/content/10.1101/2020.05.30.20117416v1.article-metrics
732,https://medrxiv.org/content/10.1101/2020.05.27.20115139v6.article-metrics
733,https://medrxiv.org/content/10.1101/2020.05.10.20088369v1.article-metrics
734,https://medrxiv.org/content/10.1101/2020.05.10.20093161v2.article-metrics
735,https://medrxiv.org/content/10.1101/2020.05.09.20096818v1.article-metrics
736,https://biorxiv.org/content/10.1101/2020.05.15.095794v2.article-metrics
737,https://biorxiv.org/content/10.1101/2020.05.15.097493v1.article-metrics
738,https://medrxiv.org/content/10.1101/2020.05.09.20096735v2.article-metrics
739,https://biorxiv.org/content/10.1101/2020.05.12.091082v2.article-metrics
740,https://medrxiv.org/content/10.1101/2020.05.07.20094987v2.article-metrics
741,https://medrxiv.org/content/10.1101/2020.05.05.20092346v1.article-metrics
742,https://medrxiv.org/content/10.1101/2020.05.04.20090845v1.article-metrics
743,https://medrxiv.org/content/10.1101/2020.05.01.20088237v3.article-metrics
744,https://biorxiv.org/content/10.1101/2020.05.05.079202v1.article-metrics
745,https://medrxiv.org/content/10.1101/2020.04.30.20086397v1.article-metrics
746,https://medrxiv.org/content/10.1101/2020.04.30.20086348v1.article-metrics
747,https://medrxiv.org/content/10.1101/2020.05.01.20078360v2.article-metrics
748,https://medrxiv.org/content/10.1101/2020.04.30.20083881v1.article-metrics
749,https://medrxiv.org/content/10.1101/2020.04.29.20080853v2.article-metrics
750,https://medrxiv.org/content/10.1101/2020.04.27.20081901v1.article-metrics
751,https://medrxiv.org/content/10.1101/2020.04.28.20083873v1.article-metrics
752,https://medrxiv.org/content/10.1101/2020.04.22.20074914v1.article-metrics
753,https://biorxiv.org/content/10.1101/2020.04.23.056309v1.article-metrics
754,https://medrxiv.org/content/10.1101/2020.04.17.20070045v1.article-metrics
755,https://biorxiv.org/content/10.1101/2020.04.20.051557v1.article-metrics
756,https://medrxiv.org/content/10.1101/2020.04.15.20067272v1.article-metrics
757,https://medrxiv.org/content/10.1101/2020.04.13.20063529v3.article-metrics
758,https://biorxiv.org/content/10.1101/2020.04.09.034983v3.article-metrics
759,https://medrxiv.org/content/10.1101/2020.03.28.20046243v2.article-metrics
760,https://medrxiv.org/content/10.1101/2020.03.24.20042168v1.article-metrics
761,https://biorxiv.org/content/10.1101/2020.03.26.994756v3.article-metrics
762,https://medrxiv.org/content/10.1101/2020.03.23.20039842v1.article-metrics
763,https://medrxiv.org/content/10.1101/2020.03.17.20034454v1.article-metrics
764,https://medrxiv.org/content/10.1101/2020.03.10.20032136v1.article-metrics
765,https://medrxiv.org/content/10.1101/2020.03.06.20031278v2.article-metrics
766,https://medrxiv.org/content/10.1101/2020.02.14.20022897v1.article-metrics
