,peer_metric_link
0,https://biorxiv.org/content/10.1101/2020.05.28.119131v1.article-metrics
1,https://biorxiv.org/content/10.1101/2020.08.13.250217v2.article-metrics
2,https://biorxiv.org/content/10.1101/2020.06.15.153239v1.article-metrics
3,https://medrxiv.org/content/10.1101/2020.04.20.20073080v2.article-metrics
4,https://medrxiv.org/content/10.1101/2020.09.02.20187070v2.article-metrics
5,https://medrxiv.org/content/10.1101/2020.04.20.20073031v2.article-metrics
6,https://medrxiv.org/content/10.1101/2020.05.10.20093161v2.article-metrics
7,https://biorxiv.org/content/10.1101/2020.07.29.227462v1.article-metrics
8,https://medrxiv.org/content/10.1101/2020.03.06.20031278v2.article-metrics
9,https://medrxiv.org/content/10.1101/2020.08.13.20174136v2.article-metrics
10,https://medrxiv.org/content/10.1101/2020.05.08.20095505v2.article-metrics
11,https://biorxiv.org/content/10.1101/2020.06.26.174698v1.article-metrics
12,https://biorxiv.org/content/10.1101/2020.09.02.280180v1.article-metrics
13,https://medrxiv.org/content/10.1101/2020.05.08.20031666v1.article-metrics
14,https://medrxiv.org/content/10.1101/2020.04.08.20057067v1.article-metrics
15,https://biorxiv.org/content/10.1101/2020.04.22.056747v1.article-metrics
16,https://medrxiv.org/content/10.1101/2020.05.09.20096438v1.article-metrics
17,https://medrxiv.org/content/10.1101/2020.08.23.20180497v1.article-metrics
18,https://medrxiv.org/content/10.1101/2020.05.28.20115758v1.article-metrics
19,https://biorxiv.org/content/10.1101/2020.07.24.205583v1.article-metrics
20,https://biorxiv.org/content/10.1101/2020.06.08.138990v1.article-metrics
21,https://biorxiv.org/content/10.1101/2020.05.12.091298v1.article-metrics
22,https://medrxiv.org/content/10.1101/2020.10.11.20210740v1.article-metrics
23,https://medrxiv.org/content/10.1101/2020.08.31.20184036v3.article-metrics
24,https://medrxiv.org/content/10.1101/2020.08.29.20184366v2.article-metrics
25,https://biorxiv.org/content/10.1101/2020.06.04.135004v1.article-metrics
26,https://medrxiv.org/content/10.1101/2020.04.09.20059360v2.article-metrics
27,https://biorxiv.org/content/10.1101/2020.08.07.242073v1.article-metrics
28,https://medrxiv.org/content/10.1101/2020.05.05.20092346v1.article-metrics
29,https://medrxiv.org/content/10.1101/2020.04.26.20081059v1.article-metrics
30,https://biorxiv.org/content/10.1101/2020.08.13.249904v2.article-metrics
31,https://medrxiv.org/content/10.1101/2020.04.04.20053629v1.article-metrics
32,https://medrxiv.org/content/10.1101/2020.07.07.20148551v1.article-metrics
33,https://biorxiv.org/content/10.1101/2020.05.21.108381v1.article-metrics
34,https://medrxiv.org/content/10.1101/2020.09.08.20189092v1.article-metrics
35,https://medrxiv.org/content/10.1101/2020.06.15.20117747v2.article-metrics
36,https://biorxiv.org/content/10.1101/2020.08.27.270819v1.article-metrics
37,https://biorxiv.org/content/10.1101/2020.01.30.927889v1.article-metrics
38,https://medrxiv.org/content/10.1101/2020.05.08.20093229v1.article-metrics
39,https://biorxiv.org/content/10.1101/2020.05.22.111518v1.article-metrics
40,https://medrxiv.org/content/10.1101/2020.08.26.20181644v2.article-metrics
41,https://medrxiv.org/content/10.1101/2020.04.22.20074336v2.article-metrics
42,https://medrxiv.org/content/10.1101/2020.06.12.20128736v1.article-metrics
43,https://medrxiv.org/content/10.1101/2020.06.13.20130120v1.article-metrics
44,https://biorxiv.org/content/10.1101/2020.05.14.096727v1.article-metrics
45,https://biorxiv.org/content/10.1101/2020.04.20.051656v1.article-metrics
46,https://medrxiv.org/content/10.1101/2020.05.21.20109280v1.article-metrics
47,https://medrxiv.org/content/10.1101/2020.08.24.20180752v3.article-metrics
48,https://medrxiv.org/content/10.1101/2020.05.17.20104604v1.article-metrics
49,https://biorxiv.org/content/10.1101/2020.02.11.944462v1.article-metrics
50,https://medrxiv.org/content/10.1101/2020.07.29.20163949v2.article-metrics
51,https://medrxiv.org/content/10.1101/2020.04.27.20077016v1.article-metrics
52,https://biorxiv.org/content/10.1101/2020.08.12.246389v1.article-metrics
53,https://medrxiv.org/content/10.1101/2020.04.11.20061960v1.article-metrics
54,https://biorxiv.org/content/10.1101/2020.06.08.141267v1.article-metrics
55,https://medrxiv.org/content/10.1101/2020.04.15.20064485v1.article-metrics
56,https://medrxiv.org/content/10.1101/2020.08.11.20172809v1.article-metrics
57,https://medrxiv.org/content/10.1101/2020.08.24.20181123v1.article-metrics
58,https://medrxiv.org/content/10.1101/2020.05.10.20096073v2.article-metrics
59,https://biorxiv.org/content/10.1101/2020.05.06.081695v2.article-metrics
60,https://medrxiv.org/content/10.1101/2020.03.20.20039602v2.article-metrics
61,https://medrxiv.org/content/10.1101/2020.05.02.20088997v1.article-metrics
62,https://medrxiv.org/content/10.1101/2020.04.01.20050492v1.article-metrics
63,https://biorxiv.org/content/10.1101/2020.08.27.270637v1.article-metrics
64,https://biorxiv.org/content/10.1101/2020.07.29.227389v1.article-metrics
65,https://medrxiv.org/content/10.1101/2020.10.27.20220731v1.article-metrics
66,https://medrxiv.org/content/10.1101/2020.07.23.20161182v1.article-metrics
67,https://medrxiv.org/content/10.1101/2020.05.08.20092866v1.article-metrics
68,https://medrxiv.org/content/10.1101/2020.08.11.20171967v1.article-metrics
69,https://medrxiv.org/content/10.1101/2020.04.22.20075416v3.article-metrics
70,https://biorxiv.org/content/10.1101/2020.09.11.294363v1.article-metrics
71,https://biorxiv.org/content/10.1101/2020.04.09.034454v1.article-metrics
72,https://medrxiv.org/content/10.1101/2020.05.09.20096735v2.article-metrics
73,https://medrxiv.org/content/10.1101/2020.07.13.20151233v5.article-metrics
74,https://medrxiv.org/content/10.1101/2020.04.28.20083279v1.article-metrics
75,https://medrxiv.org/content/10.1101/2020.04.25.20074856v2.article-metrics
76,https://medrxiv.org/content/10.1101/2020.10.15.20213546v1.article-metrics
77,https://medrxiv.org/content/10.1101/2020.05.07.20094805v1.article-metrics
78,https://medrxiv.org/content/10.1101/2020.06.10.20127845v1.article-metrics
79,https://biorxiv.org/content/10.1101/2020.08.28.272518v1.article-metrics
80,https://biorxiv.org/content/10.1101/2020.09.12.293498v2.article-metrics
81,https://biorxiv.org/content/10.1101/2020.05.20.105247v1.article-metrics
82,https://biorxiv.org/content/10.1101/2020.01.26.920249v1.article-metrics
83,https://medrxiv.org/content/10.1101/2020.03.04.20031005v1.article-metrics
84,https://biorxiv.org/content/10.1101/2020.10.07.329748v1.article-metrics
85,https://biorxiv.org/content/10.1101/2020.04.16.044016v1.article-metrics
86,https://medrxiv.org/content/10.1101/2020.08.31.20185140v1.article-metrics
87,https://medrxiv.org/content/10.1101/2020.10.26.20219089v1.article-metrics
88,https://medrxiv.org/content/10.1101/2020.09.01.20186445v1.article-metrics
89,https://medrxiv.org/content/10.1101/2020.04.15.20066746v2.article-metrics
90,https://medrxiv.org/content/10.1101/2020.03.26.20044750v2.article-metrics
91,https://biorxiv.org/content/10.1101/2020.07.14.201947v1.article-metrics
92,https://biorxiv.org/content/10.1101/2020.02.04.933135v1.article-metrics
93,https://medrxiv.org/content/10.1101/2020.09.03.20187062v1.article-metrics
94,https://medrxiv.org/content/10.1101/2020.08.24.20180893v1.article-metrics
95,https://biorxiv.org/content/10.1101/2020.04.24.059527v5.article-metrics
96,https://biorxiv.org/content/10.1101/2020.09.04.280081v1.article-metrics
97,https://biorxiv.org/content/10.1101/2020.05.20.106401v1.article-metrics
98,https://medrxiv.org/content/10.1101/2020.04.24.20078204v1.article-metrics
99,https://medrxiv.org/content/10.1101/2020.03.23.20039842v1.article-metrics
100,https://medrxiv.org/content/10.1101/2020.10.08.20209072v1.article-metrics
101,https://medrxiv.org/content/10.1101/2020.09.04.20188326v2.article-metrics
102,https://biorxiv.org/content/10.1101/2020.10.16.341883v2.article-metrics
103,https://medrxiv.org/content/10.1101/2020.07.15.20154443v1.article-metrics
104,https://biorxiv.org/content/10.1101/2020.08.30.273920v1.article-metrics
105,https://biorxiv.org/content/10.1101/2020.10.08.331751v1.article-metrics
106,https://medrxiv.org/content/10.1101/2020.05.20.20104398v1.article-metrics
107,https://biorxiv.org/content/10.1101/2020.09.08.287482v1.article-metrics
108,https://medrxiv.org/content/10.1101/2020.06.08.20124990v1.article-metrics
109,https://biorxiv.org/content/10.1101/2020.05.28.122366v2.article-metrics
110,https://medrxiv.org/content/10.1101/2020.03.29.20046631v2.article-metrics
111,https://biorxiv.org/content/10.1101/2020.08.20.258087v1.article-metrics
112,https://biorxiv.org/content/10.1101/2020.05.22.111187v2.article-metrics
113,https://medrxiv.org/content/10.1101/2020.07.29.20164665v2.article-metrics
114,https://biorxiv.org/content/10.1101/2020.03.02.968818v1.article-metrics
115,https://medrxiv.org/content/10.1101/2020.07.12.20151936v1.article-metrics
116,https://medrxiv.org/content/10.1101/2020.05.08.20095893v1.article-metrics
117,https://biorxiv.org/content/10.1101/2020.10.12.336644v2.article-metrics
118,https://medrxiv.org/content/10.1101/2020.07.03.20146134v1.article-metrics
119,https://biorxiv.org/content/10.1101/2020.05.16.091520v2.article-metrics
120,https://medrxiv.org/content/10.1101/2020.06.08.20125245v1.article-metrics
121,https://medrxiv.org/content/10.1101/2020.05.01.20078360v2.article-metrics
122,https://biorxiv.org/content/10.1101/2020.10.12.336818v1.article-metrics
123,https://medrxiv.org/content/10.1101/2020.07.19.20157305v4.article-metrics
124,https://biorxiv.org/content/10.1101/2020.06.26.173567v1.article-metrics
125,https://medrxiv.org/content/10.1101/2020.05.08.20095463v1.article-metrics
126,https://medrxiv.org/content/10.1101/2020.04.27.20082107v1.article-metrics
127,https://medrxiv.org/content/10.1101/2020.08.04.20167874v2.article-metrics
128,https://medrxiv.org/content/10.1101/2020.06.04.20122358v2.article-metrics
129,https://medrxiv.org/content/10.1101/2020.04.23.20074708v1.article-metrics
130,https://medrxiv.org/content/10.1101/2020.07.01.20144436v1.article-metrics
131,https://medrxiv.org/content/10.1101/2020.08.14.20173369v1.article-metrics
132,https://biorxiv.org/content/10.1101/2020.09.09.196220v1.article-metrics
133,https://biorxiv.org/content/10.1101/2020.10.27.358259v1.article-metrics
134,https://medrxiv.org/content/10.1101/2020.06.11.20125849v1.article-metrics
135,https://biorxiv.org/content/10.1101/2020.06.09.142372v2.article-metrics
136,https://medrxiv.org/content/10.1101/2020.06.25.20137323v2.article-metrics
137,https://medrxiv.org/content/10.1101/2020.09.04.20187724v2.article-metrics
138,https://medrxiv.org/content/10.1101/2020.07.19.20157198v1.article-metrics
139,https://biorxiv.org/content/10.1101/2020.03.28.013920v1.article-metrics
140,https://medrxiv.org/content/10.1101/2020.05.29.20116426v1.article-metrics
141,https://medrxiv.org/content/10.1101/2020.04.26.20079756v1.article-metrics
142,https://medrxiv.org/content/10.1101/2020.07.30.20165159v1.article-metrics
143,https://biorxiv.org/content/10.1101/2020.05.11.089045v1.article-metrics
144,https://biorxiv.org/content/10.1101/2020.05.08.084996v1.article-metrics
145,https://biorxiv.org/content/10.1101/2020.03.21.001628v1.article-metrics
146,https://medrxiv.org/content/10.1101/2020.04.16.20065920v2.article-metrics
147,https://medrxiv.org/content/10.1101/2020.06.12.20129908v1.article-metrics
148,https://medrxiv.org/content/10.1101/2020.05.14.20102038v1.article-metrics
149,https://medrxiv.org/content/10.1101/2020.03.25.20043828v1.article-metrics
150,https://biorxiv.org/content/10.1101/2020.05.05.079095v1.article-metrics
151,https://medrxiv.org/content/10.1101/2020.06.04.20121673v1.article-metrics
152,https://biorxiv.org/content/10.1101/2020.09.10.292078v2.article-metrics
153,https://medrxiv.org/content/10.1101/2020.05.13.20100982v2.article-metrics
154,https://medrxiv.org/content/10.1101/2020.05.11.20098228v1.article-metrics
155,https://medrxiv.org/content/10.1101/2020.05.04.20074609v1.article-metrics
156,https://medrxiv.org/content/10.1101/2020.05.14.20102491v1.article-metrics
157,https://biorxiv.org/content/10.1101/2020.07.13.201517v1.article-metrics
158,https://biorxiv.org/content/10.1101/2020.05.08.082701v1.article-metrics
159,https://medrxiv.org/content/10.1101/2020.06.15.20131607v2.article-metrics
160,https://medrxiv.org/content/10.1101/2020.08.10.20171637v1.article-metrics
161,https://medrxiv.org/content/10.1101/2020.05.27.20115139v6.article-metrics
162,https://biorxiv.org/content/10.1101/2020.07.13.201277v3.article-metrics
163,https://medrxiv.org/content/10.1101/2020.05.30.20118109v1.article-metrics
164,https://biorxiv.org/content/10.1101/2020.04.09.034983v3.article-metrics
165,https://biorxiv.org/content/10.1101/2020.05.13.093195v1.article-metrics
166,https://biorxiv.org/content/10.1101/2020.10.08.330456v1.article-metrics
167,https://medrxiv.org/content/10.1101/2020.07.24.20161547v1.article-metrics
168,https://biorxiv.org/content/10.1101/2020.04.02.019075v3.article-metrics
169,https://medrxiv.org/content/10.1101/2020.08.13.20157222v2.article-metrics
170,https://medrxiv.org/content/10.1101/2020.04.26.20075937v1.article-metrics
171,https://biorxiv.org/content/10.1101/2020.10.08.332080v1.article-metrics
172,https://medrxiv.org/content/10.1101/2020.08.11.20171108v1.article-metrics
173,https://medrxiv.org/content/10.1101/2020.04.27.20081737v2.article-metrics
174,https://medrxiv.org/content/10.1101/2020.04.22.20075762v2.article-metrics
175,https://medrxiv.org/content/10.1101/2020.07.25.20161968v1.article-metrics
176,https://medrxiv.org/content/10.1101/2020.05.18.20105171v4.article-metrics
177,https://biorxiv.org/content/10.1101/2020.02.05.936013v1.article-metrics
178,https://medrxiv.org/content/10.1101/2020.09.02.20183830v1.article-metrics
179,https://medrxiv.org/content/10.1101/2020.10.07.20208231v1.article-metrics
180,https://medrxiv.org/content/10.1101/2020.04.30.20083881v1.article-metrics
181,https://medrxiv.org/content/10.1101/2020.02.14.20023127v1.article-metrics
182,https://medrxiv.org/content/10.1101/2020.09.07.20188813v2.article-metrics
183,https://medrxiv.org/content/10.1101/2020.09.10.20192187v1.article-metrics
184,https://medrxiv.org/content/10.1101/2020.05.07.20091769v1.article-metrics
185,https://medrxiv.org/content/10.1101/2020.08.11.20172742v1.article-metrics
186,https://medrxiv.org/content/10.1101/2020.04.08.20058719v1.article-metrics
187,https://medrxiv.org/content/10.1101/2020.04.23.20076679v2.article-metrics
188,https://medrxiv.org/content/10.1101/2020.05.13.20100198v1.article-metrics
189,https://medrxiv.org/content/10.1101/2020.05.17.20101915v1.article-metrics
190,https://medrxiv.org/content/10.1101/2020.05.31.20118455v1.article-metrics
191,https://medrxiv.org/content/10.1101/2020.04.09.20059204v1.article-metrics
192,https://medrxiv.org/content/10.1101/2020.07.13.20152694v1.article-metrics
193,https://medrxiv.org/content/10.1101/2020.04.23.20076885v1.article-metrics
194,https://biorxiv.org/content/10.1101/2020.05.12.091256v1.article-metrics
195,https://biorxiv.org/content/10.1101/2020.07.27.224063v2.article-metrics
196,https://medrxiv.org/content/10.1101/2020.05.28.20116301v2.article-metrics
197,https://biorxiv.org/content/10.1101/2020.06.10.145144v1.article-metrics
198,https://biorxiv.org/content/10.1101/2020.06.16.155267v2.article-metrics
199,https://biorxiv.org/content/10.1101/2020.07.27.222943v1.article-metrics
200,https://biorxiv.org/content/10.1101/2020.10.17.344002v2.article-metrics
201,https://biorxiv.org/content/10.1101/2020.06.22.165803v2.article-metrics
202,https://medrxiv.org/content/10.1101/2020.04.23.20074310v1.article-metrics
203,https://medrxiv.org/content/10.1101/2020.07.23.20161000v1.article-metrics
204,https://medrxiv.org/content/10.1101/2020.07.21.20159376v1.article-metrics
205,https://medrxiv.org/content/10.1101/2020.08.30.20177543v2.article-metrics
206,https://biorxiv.org/content/10.1101/2020.05.06.081497v1.article-metrics
207,https://biorxiv.org/content/10.1101/2020.09.01.278366v1.article-metrics
208,https://medrxiv.org/content/10.1101/2020.04.11.20062018v2.article-metrics
209,https://medrxiv.org/content/10.1101/2020.04.13.20063529v3.article-metrics
210,https://medrxiv.org/content/10.1101/2020.02.09.20021261v1.article-metrics
211,https://medrxiv.org/content/10.1101/2020.04.20.20072702v2.article-metrics
212,https://biorxiv.org/content/10.1101/2020.03.23.004176v2.article-metrics
213,https://medrxiv.org/content/10.1101/2020.04.14.20065128v2.article-metrics
214,https://biorxiv.org/content/10.1101/2020.05.18.102087v1.article-metrics
215,https://biorxiv.org/content/10.1101/2020.10.06.327445v1.article-metrics
216,https://biorxiv.org/content/10.1101/2020.04.16.045302v1.article-metrics
217,https://medrxiv.org/content/10.1101/2020.06.05.20123372v1.article-metrics
218,https://medrxiv.org/content/10.1101/2020.05.21.20109074v1.article-metrics
219,https://biorxiv.org/content/10.1101/2020.05.16.088989v1.article-metrics
220,https://biorxiv.org/content/10.1101/2020.06.11.145920v1.article-metrics
221,https://medrxiv.org/content/10.1101/2020.05.28.20105692v1.article-metrics
222,https://medrxiv.org/content/10.1101/2020.03.23.20041814v1.article-metrics
223,https://biorxiv.org/content/10.1101/2020.02.07.939207v1.article-metrics
224,https://biorxiv.org/content/10.1101/2020.08.31.274639v1.article-metrics
225,https://medrxiv.org/content/10.1101/2020.07.29.20162917v3.article-metrics
226,https://biorxiv.org/content/10.1101/2020.08.26.269159v1.article-metrics
227,https://medrxiv.org/content/10.1101/2020.03.30.20047456v3.article-metrics
228,https://biorxiv.org/content/10.1101/2020.04.07.030734v2.article-metrics
229,https://biorxiv.org/content/10.1101/2020.08.14.250480v1.article-metrics
230,https://medrxiv.org/content/10.1101/2020.03.24.20042168v1.article-metrics
231,https://medrxiv.org/content/10.1101/2020.06.19.20135749v1.article-metrics
232,https://biorxiv.org/content/10.1101/2020.06.08.140244v3.article-metrics
233,https://medrxiv.org/content/10.1101/2020.08.29.20182899v1.article-metrics
234,https://medrxiv.org/content/10.1101/2020.06.14.20131128v1.article-metrics
235,https://medrxiv.org/content/10.1101/2020.04.19.20062117v2.article-metrics
236,https://medrxiv.org/content/10.1101/2020.03.19.20039107v1.article-metrics
237,https://biorxiv.org/content/10.1101/2020.07.12.199588v3.article-metrics
238,https://medrxiv.org/content/10.1101/2020.06.26.20141341v2.article-metrics
239,https://biorxiv.org/content/10.1101/2020.05.15.098079v3.article-metrics
240,https://medrxiv.org/content/10.1101/2020.05.24.20111914v1.article-metrics
241,https://medrxiv.org/content/10.1101/2020.05.16.20103408v2.article-metrics
242,https://medrxiv.org/content/10.1101/2020.04.05.20053819v3.article-metrics
243,https://medrxiv.org/content/10.1101/2020.04.29.20085514v1.article-metrics
244,https://medrxiv.org/content/10.1101/2020.05.04.20091231v1.article-metrics
245,https://medrxiv.org/content/10.1101/2020.06.04.20122044v1.article-metrics
246,https://biorxiv.org/content/10.1101/2020.06.03.130591v1.article-metrics
247,https://biorxiv.org/content/10.1101/2020.05.20.103325v2.article-metrics
248,https://medrxiv.org/content/10.1101/2020.05.02.20084673v1.article-metrics
249,https://medrxiv.org/content/10.1101/2020.05.28.20115949v1.article-metrics
250,https://biorxiv.org/content/10.1101/2020.03.04.977736v1.article-metrics
251,https://medrxiv.org/content/10.1101/2020.05.02.20082461v1.article-metrics
252,https://medrxiv.org/content/10.1101/2020.04.23.20076935v1.article-metrics
253,https://medrxiv.org/content/10.1101/2020.06.10.20127589v1.article-metrics
254,https://medrxiv.org/content/10.1101/2020.04.29.20085233v1.article-metrics
255,https://medrxiv.org/content/10.1101/2020.05.22.20106328v1.article-metrics
256,https://medrxiv.org/content/10.1101/2020.05.08.20095471v1.article-metrics
257,https://medrxiv.org/content/10.1101/2020.08.12.20173740v1.article-metrics
258,https://medrxiv.org/content/10.1101/2020.10.07.20208520v1.article-metrics
259,https://medrxiv.org/content/10.1101/2020.08.15.20175786v1.article-metrics
260,https://medrxiv.org/content/10.1101/2020.08.17.20177006v2.article-metrics
261,https://biorxiv.org/content/10.1101/2020.05.11.088674v2.article-metrics
262,https://medrxiv.org/content/10.1101/2020.10.14.20207050v1.article-metrics
263,https://biorxiv.org/content/10.1101/2020.09.09.288555v1.article-metrics
264,https://medrxiv.org/content/10.1101/2020.08.14.20174961v1.article-metrics
265,https://medrxiv.org/content/10.1101/2020.04.30.20086264v1.article-metrics
266,https://biorxiv.org/content/10.1101/2020.07.28.225151v1.article-metrics
267,https://biorxiv.org/content/10.1101/2020.10.06.327635v1.article-metrics
268,https://medrxiv.org/content/10.1101/2020.07.21.20159327v1.article-metrics
269,https://medrxiv.org/content/10.1101/2020.05.01.20088237v3.article-metrics
270,https://medrxiv.org/content/10.1101/2020.04.29.20066506v1.article-metrics
271,https://medrxiv.org/content/10.1101/2020.09.18.20197582v1.article-metrics
272,https://medrxiv.org/content/10.1101/2020.10.27.20211631v4.article-metrics
273,https://medrxiv.org/content/10.1101/2020.05.28.20115642v2.article-metrics
274,https://biorxiv.org/content/10.1101/2020.05.27.117184v4.article-metrics
275,https://medrxiv.org/content/10.1101/2020.06.02.20120865v2.article-metrics
276,https://medrxiv.org/content/10.1101/2020.02.19.20025452v4.article-metrics
277,https://medrxiv.org/content/10.1101/2020.07.30.20163824v1.article-metrics
278,https://medrxiv.org/content/10.1101/2020.05.27.20115303v1.article-metrics
279,https://biorxiv.org/content/10.1101/2020.06.17.156554v2.article-metrics
280,https://biorxiv.org/content/10.1101/2020.07.27.223578v1.article-metrics
281,https://medrxiv.org/content/10.1101/2020.06.17.20106302v3.article-metrics
282,https://medrxiv.org/content/10.1101/2020.06.17.20134114v3.article-metrics
283,https://medrxiv.org/content/10.1101/2020.04.04.20047886v2.article-metrics
284,https://biorxiv.org/content/10.1101/2020.08.26.268854v1.article-metrics
285,https://medrxiv.org/content/10.1101/2020.07.16.20155531v3.article-metrics
286,https://medrxiv.org/content/10.1101/2020.08.04.20167890v1.article-metrics
287,https://biorxiv.org/content/10.1101/2020.06.11.146522v2.article-metrics
288,https://medrxiv.org/content/10.1101/2020.06.29.20140376v1.article-metrics
289,https://biorxiv.org/content/10.1101/2020.05.12.091983v3.article-metrics
290,https://biorxiv.org/content/10.1101/2020.06.12.148916v1.article-metrics
291,https://medrxiv.org/content/10.1101/2020.05.19.20103036v1.article-metrics
292,https://medrxiv.org/content/10.1101/2020.04.07.20056812v2.article-metrics
293,https://medrxiv.org/content/10.1101/2020.04.19.20071944v1.article-metrics
294,https://biorxiv.org/content/10.1101/2020.05.14.095661v2.article-metrics
295,https://medrxiv.org/content/10.1101/2020.03.27.20045815v1.article-metrics
296,https://medrxiv.org/content/10.1101/2020.08.23.20078964v3.article-metrics
297,https://medrxiv.org/content/10.1101/2020.05.16.20098657v1.article-metrics
298,https://medrxiv.org/content/10.1101/2020.06.26.20141044v1.article-metrics
299,https://medrxiv.org/content/10.1101/2020.09.09.20191643v1.article-metrics
300,https://medrxiv.org/content/10.1101/2020.06.09.20126946v2.article-metrics
301,https://medrxiv.org/content/10.1101/2020.05.06.20092841v1.article-metrics
302,https://biorxiv.org/content/10.1101/2020.07.31.231274v1.article-metrics
303,https://medrxiv.org/content/10.1101/2020.09.03.20183947v2.article-metrics
304,https://medrxiv.org/content/10.1101/2020.06.04.20112011v1.article-metrics
305,https://medrxiv.org/content/10.1101/2020.05.04.20090761v1.article-metrics
306,https://biorxiv.org/content/10.1101/2020.06.22.165225v1.article-metrics
307,https://biorxiv.org/content/10.1101/2020.06.05.136861v2.article-metrics
308,https://biorxiv.org/content/10.1101/2020.10.22.349522v1.article-metrics
309,https://medrxiv.org/content/10.1101/2020.05.19.20106344v1.article-metrics
310,https://medrxiv.org/content/10.1101/2020.07.27.20163147v3.article-metrics
311,https://medrxiv.org/content/10.1101/2020.04.27.20081893v3.article-metrics
312,https://medrxiv.org/content/10.1101/2020.03.18.20038455v1.article-metrics
313,https://medrxiv.org/content/10.1101/2020.10.26.20218636v1.article-metrics
314,https://medrxiv.org/content/10.1101/2020.05.07.20083386v1.article-metrics
315,https://biorxiv.org/content/10.1101/2020.02.29.971101v1.article-metrics
316,https://medrxiv.org/content/10.1101/2020.04.13.20063784v1.article-metrics
317,https://medrxiv.org/content/10.1101/2020.05.05.20092452v2.article-metrics
318,https://medrxiv.org/content/10.1101/2020.06.16.20133025v1.article-metrics
319,https://medrxiv.org/content/10.1101/2020.08.14.20175257v3.article-metrics
320,https://medrxiv.org/content/10.1101/2020.05.03.20086819v1.article-metrics
321,https://medrxiv.org/content/10.1101/2020.06.16.20126425v1.article-metrics
322,https://medrxiv.org/content/10.1101/2020.04.14.20065201v1.article-metrics
323,https://medrxiv.org/content/10.1101/2020.05.29.20100735v1.article-metrics
324,https://biorxiv.org/content/10.1101/2020.05.21.108035v1.article-metrics
325,https://medrxiv.org/content/10.1101/2020.09.23.20200485v1.article-metrics
326,https://biorxiv.org/content/10.1101/2020.08.11.247320v1.article-metrics
327,https://medrxiv.org/content/10.1101/2020.08.26.20157297v1.article-metrics
328,https://medrxiv.org/content/10.1101/2020.06.08.20125856v1.article-metrics
329,https://biorxiv.org/content/10.1101/2020.07.30.228890v2.article-metrics
330,https://biorxiv.org/content/10.1101/2020.10.11.335299v1.article-metrics
331,https://medrxiv.org/content/10.1101/2020.06.04.20122549v1.article-metrics
332,https://medrxiv.org/content/10.1101/2020.05.28.20115899v3.article-metrics
333,https://biorxiv.org/content/10.1101/2020.07.29.227249v1.article-metrics
334,https://medrxiv.org/content/10.1101/2020.05.15.20103341v2.article-metrics
335,https://medrxiv.org/content/10.1101/2020.05.19.20107482v2.article-metrics
336,https://medrxiv.org/content/10.1101/2020.05.30.20117416v1.article-metrics
337,https://biorxiv.org/content/10.1101/2020.07.18.210161v1.article-metrics
338,https://medrxiv.org/content/10.1101/2020.03.24.20042317v1.article-metrics
339,https://biorxiv.org/content/10.1101/2020.09.13.276923v1.article-metrics
340,https://medrxiv.org/content/10.1101/2020.05.29.20086645v3.article-metrics
341,https://biorxiv.org/content/10.1101/2020.08.11.245100v1.article-metrics
342,https://biorxiv.org/content/10.1101/2020.06.20.163097v1.article-metrics
343,https://medrxiv.org/content/10.1101/2020.04.19.20069922v2.article-metrics
344,https://medrxiv.org/content/10.1101/2020.06.11.20128702v1.article-metrics
345,https://biorxiv.org/content/10.1101/2020.05.15.096511v2.article-metrics
346,https://medrxiv.org/content/10.1101/2020.06.13.20130658v2.article-metrics
347,https://biorxiv.org/content/10.1101/2020.03.27.012906v2.article-metrics
348,https://medrxiv.org/content/10.1101/2020.05.07.20093542v2.article-metrics
349,https://biorxiv.org/content/10.1101/2020.07.15.203489v1.article-metrics
350,https://medrxiv.org/content/10.1101/2020.08.12.20173831v3.article-metrics
351,https://medrxiv.org/content/10.1101/2020.08.30.20183889v1.article-metrics
352,https://medrxiv.org/content/10.1101/2020.05.23.20111435v2.article-metrics
353,https://medrxiv.org/content/10.1101/2020.05.07.20094987v2.article-metrics
354,https://biorxiv.org/content/10.1101/2020.05.28.121640v1.article-metrics
355,https://medrxiv.org/content/10.1101/2020.08.11.20172734v2.article-metrics
356,https://medrxiv.org/content/10.1101/2020.05.05.20092361v2.article-metrics
357,https://medrxiv.org/content/10.1101/2020.04.09.20059626v1.article-metrics
358,https://biorxiv.org/content/10.1101/2020.08.09.243246v1.article-metrics
359,https://medrxiv.org/content/10.1101/2020.05.03.20089813v1.article-metrics
360,https://medrxiv.org/content/10.1101/2020.03.27.20044925v1.article-metrics
361,https://biorxiv.org/content/10.1101/2020.05.18.102038v1.article-metrics
362,https://biorxiv.org/content/10.1101/2020.04.21.042911v1.article-metrics
363,https://biorxiv.org/content/10.1101/2020.08.02.233536v1.article-metrics
364,https://medrxiv.org/content/10.1101/2020.04.14.20065771v1.article-metrics
365,https://medrxiv.org/content/10.1101/2020.03.26.20044693v1.article-metrics
366,https://medrxiv.org/content/10.1101/2020.04.23.20076737v1.article-metrics
367,https://medrxiv.org/content/10.1101/2020.03.13.20035618v1.article-metrics
368,https://biorxiv.org/content/10.1101/2020.05.13.092536v2.article-metrics
369,https://biorxiv.org/content/10.1101/2020.08.11.245415v1.article-metrics
370,https://medrxiv.org/content/10.1101/2020.05.28.20115667v1.article-metrics
371,https://biorxiv.org/content/10.1101/2020.07.31.230730v1.article-metrics
372,https://biorxiv.org/content/10.1101/2020.07.30.229377v1.article-metrics
373,https://medrxiv.org/content/10.1101/2020.02.04.20020495v2.article-metrics
374,https://medrxiv.org/content/10.1101/2020.04.08.20057661v1.article-metrics
375,https://medrxiv.org/content/10.1101/2020.03.23.20038331v3.article-metrics
376,https://medrxiv.org/content/10.1101/2020.04.30.20081257v2.article-metrics
377,https://medrxiv.org/content/10.1101/2020.03.09.20033217v2.article-metrics
378,https://medrxiv.org/content/10.1101/2020.08.10.20172189v1.article-metrics
379,https://medrxiv.org/content/10.1101/2020.05.06.20093377v1.article-metrics
380,https://medrxiv.org/content/10.1101/2020.09.06.20189159v2.article-metrics
381,https://biorxiv.org/content/10.1101/2020.08.05.238360v1.article-metrics
382,https://biorxiv.org/content/10.1101/2020.03.30.016931v2.article-metrics
383,https://biorxiv.org/content/10.1101/2020.03.26.994756v3.article-metrics
384,https://medrxiv.org/content/10.1101/2020.05.15.20103655v2.article-metrics
385,https://medrxiv.org/content/10.1101/2020.04.28.20083873v1.article-metrics
386,https://medrxiv.org/content/10.1101/2020.07.05.20146589v1.article-metrics
387,https://medrxiv.org/content/10.1101/2020.09.01.20183897v1.article-metrics
388,https://medrxiv.org/content/10.1101/2020.08.18.20177071v1.article-metrics
389,https://medrxiv.org/content/10.1101/2020.06.19.20135095v2.article-metrics
390,https://biorxiv.org/content/10.1101/2020.04.17.045161v1.article-metrics
391,https://medrxiv.org/content/10.1101/2020.03.09.20033241v2.article-metrics
392,https://medrxiv.org/content/10.1101/2020.05.27.20114652v1.article-metrics
393,https://medrxiv.org/content/10.1101/2020.09.10.20192260v1.article-metrics
394,https://biorxiv.org/content/10.1101/2020.05.08.084806v2.article-metrics
395,https://biorxiv.org/content/10.1101/2020.03.02.972935v2.article-metrics
396,https://medrxiv.org/content/10.1101/2020.06.06.20123414v2.article-metrics
397,https://biorxiv.org/content/10.1101/2020.09.11.293464v2.article-metrics
398,https://medrxiv.org/content/10.1101/2020.03.06.20032417v1.article-metrics
399,https://medrxiv.org/content/10.1101/2020.06.02.20120477v1.article-metrics
400,https://medrxiv.org/content/10.1101/2020.04.17.20070045v1.article-metrics
401,https://medrxiv.org/content/10.1101/2020.05.05.20092379v1.article-metrics
402,https://biorxiv.org/content/10.1101/2020.05.21.109322v1.article-metrics
403,https://medrxiv.org/content/10.1101/2020.05.04.20090944v1.article-metrics
404,https://biorxiv.org/content/10.1101/2020.08.29.257360v1.article-metrics
405,https://medrxiv.org/content/10.1101/2020.07.13.20152207v1.article-metrics
406,https://medrxiv.org/content/10.1101/2020.06.09.20125690v1.article-metrics
407,https://medrxiv.org/content/10.1101/2020.04.23.20076943v1.article-metrics
408,https://medrxiv.org/content/10.1101/2020.02.04.20020479v2.article-metrics
409,https://medrxiv.org/content/10.1101/2020.05.09.20096818v1.article-metrics
410,https://biorxiv.org/content/10.1101/2020.09.10.286948v2.article-metrics
411,https://biorxiv.org/content/10.1101/2020.04.21.051912v1.article-metrics
412,https://medrxiv.org/content/10.1101/2020.01.28.20019224v2.article-metrics
413,https://biorxiv.org/content/10.1101/2020.06.16.155101v1.article-metrics
414,https://medrxiv.org/content/10.1101/2020.05.01.20088054v3.article-metrics
415,https://medrxiv.org/content/10.1101/2020.03.10.20032136v1.article-metrics
416,https://biorxiv.org/content/10.1101/2020.03.22.002386v3.article-metrics
417,https://biorxiv.org/content/10.1101/2020.05.22.111005v1.article-metrics
418,https://biorxiv.org/content/10.1101/2020.03.20.000885v2.article-metrics
419,https://medrxiv.org/content/10.1101/2020.04.24.20079012v2.article-metrics
420,https://medrxiv.org/content/10.1101/2020.10.06.20207472v2.article-metrics
421,https://medrxiv.org/content/10.1101/2020.08.06.20169581v2.article-metrics
422,https://biorxiv.org/content/10.1101/2020.05.30.125484v1.article-metrics
423,https://medrxiv.org/content/10.1101/2020.08.13.20173161v1.article-metrics
424,https://medrxiv.org/content/10.1101/2020.04.19.20065219v1.article-metrics
425,https://medrxiv.org/content/10.1101/2020.06.09.20127043v2.article-metrics
426,https://medrxiv.org/content/10.1101/2020.04.29.20085738v1.article-metrics
427,https://biorxiv.org/content/10.1101/2020.06.16.154708v1.article-metrics
428,https://biorxiv.org/content/10.1101/2020.03.24.006544v1.article-metrics
429,https://medrxiv.org/content/10.1101/2020.06.07.20125096v1.article-metrics
430,https://medrxiv.org/content/10.1101/2020.07.29.20164590v1.article-metrics
431,https://medrxiv.org/content/10.1101/2020.03.22.20041145v1.article-metrics
432,https://medrxiv.org/content/10.1101/2020.06.09.20127050v1.article-metrics
433,https://medrxiv.org/content/10.1101/2020.05.26.20113480v1.article-metrics
434,https://medrxiv.org/content/10.1101/2020.08.29.20184093v1.article-metrics
435,https://medrxiv.org/content/10.1101/2020.06.12.20127944v1.article-metrics
436,https://medrxiv.org/content/10.1101/2020.05.18.20105494v1.article-metrics
437,https://medrxiv.org/content/10.1101/2020.05.03.20089920v1.article-metrics
438,https://biorxiv.org/content/10.1101/2020.06.02.131144v1.article-metrics
439,https://biorxiv.org/content/10.1101/2020.06.04.135046v1.article-metrics
440,https://medrxiv.org/content/10.1101/2020.06.24.20129817v1.article-metrics
441,https://medrxiv.org/content/10.1101/2020.02.14.20022897v1.article-metrics
442,https://medrxiv.org/content/10.1101/2020.06.08.20125369v2.article-metrics
443,https://biorxiv.org/content/10.1101/2020.09.11.293951v3.article-metrics
444,https://medrxiv.org/content/10.1101/2020.05.15.20103226v1.article-metrics
445,https://medrxiv.org/content/10.1101/2020.03.28.20046243v2.article-metrics
446,https://medrxiv.org/content/10.1101/2020.08.29.20184358v4.article-metrics
447,https://medrxiv.org/content/10.1101/2020.07.20.20157784v1.article-metrics
448,https://medrxiv.org/content/10.1101/2020.04.15.20066431v2.article-metrics
449,https://medrxiv.org/content/10.1101/2020.04.19.20069948v2.article-metrics
450,https://medrxiv.org/content/10.1101/2020.09.02.20185983v3.article-metrics
451,https://medrxiv.org/content/10.1101/2020.05.05.20083436v1.article-metrics
452,https://medrxiv.org/content/10.1101/2020.04.30.20086652v1.article-metrics
453,https://medrxiv.org/content/10.1101/2020.07.20.20157503v1.article-metrics
454,https://biorxiv.org/content/10.1101/2020.03.26.010322v1.article-metrics
455,https://medrxiv.org/content/10.1101/2020.03.30.20047993v1.article-metrics
456,https://medrxiv.org/content/10.1101/2020.04.13.20063271v1.article-metrics
457,https://medrxiv.org/content/10.1101/2020.09.02.20187179v2.article-metrics
458,https://medrxiv.org/content/10.1101/2020.05.17.20104943v1.article-metrics
459,https://biorxiv.org/content/10.1101/2020.07.08.192104v2.article-metrics
460,https://medrxiv.org/content/10.1101/2020.04.17.20069930v1.article-metrics
461,https://medrxiv.org/content/10.1101/2020.05.15.20096552v1.article-metrics
462,https://medrxiv.org/content/10.1101/2020.06.01.20118885v1.article-metrics
463,https://medrxiv.org/content/10.1101/2020.07.27.20163188v1.article-metrics
464,https://biorxiv.org/content/10.1101/2020.03.20.000141v2.article-metrics
465,https://medrxiv.org/content/10.1101/2020.07.12.20151696v1.article-metrics
466,https://biorxiv.org/content/10.1101/2020.05.12.091090v2.article-metrics
467,https://biorxiv.org/content/10.1101/2020.03.19.998724v1.article-metrics
468,https://medrxiv.org/content/10.1101/2020.08.12.20169359v1.article-metrics
469,https://medrxiv.org/content/10.1101/2020.06.03.20121558v1.article-metrics
470,https://biorxiv.org/content/10.1101/2020.01.22.915660v1.article-metrics
471,https://medrxiv.org/content/10.1101/2020.06.15.20131870v1.article-metrics
472,https://medrxiv.org/content/10.1101/2020.04.26.20081109v2.article-metrics
473,https://biorxiv.org/content/10.1101/2020.05.15.097493v1.article-metrics
474,https://medrxiv.org/content/10.1101/2020.04.11.20062331v2.article-metrics
475,https://medrxiv.org/content/10.1101/2020.04.08.20058248v1.article-metrics
476,https://medrxiv.org/content/10.1101/2020.04.20.20072470v1.article-metrics
477,https://biorxiv.org/content/10.1101/2020.10.06.323634v1.article-metrics
478,https://medrxiv.org/content/10.1101/2020.03.16.20037176v2.article-metrics
479,https://medrxiv.org/content/10.1101/2020.08.31.20169946v1.article-metrics
480,https://medrxiv.org/content/10.1101/2020.04.22.20074914v1.article-metrics
481,https://medrxiv.org/content/10.1101/2020.07.16.20155614v3.article-metrics
482,https://medrxiv.org/content/10.1101/2020.10.08.20208546v2.article-metrics
483,https://biorxiv.org/content/10.1101/2020.08.08.242511v1.article-metrics
484,https://biorxiv.org/content/10.1101/2020.05.27.120105v2.article-metrics
485,https://medrxiv.org/content/10.1101/2020.10.28.20221333v1.article-metrics
486,https://medrxiv.org/content/10.1101/2020.06.23.20137620v1.article-metrics
487,https://medrxiv.org/content/10.1101/2020.05.02.20088336v1.article-metrics
488,https://medrxiv.org/content/10.1101/2020.04.20.20072116v2.article-metrics
489,https://medrxiv.org/content/10.1101/2020.04.11.20056010v1.article-metrics
490,https://medrxiv.org/content/10.1101/2020.04.17.20057125v1.article-metrics
491,https://medrxiv.org/content/10.1101/2020.05.12.20099135v1.article-metrics
492,https://medrxiv.org/content/10.1101/2020.04.23.20077545v2.article-metrics
493,https://medrxiv.org/content/10.1101/2020.06.04.20109306v1.article-metrics
494,https://medrxiv.org/content/10.1101/2020.03.27.20043661v1.article-metrics
495,https://biorxiv.org/content/10.1101/2020.03.29.008631v1.article-metrics
496,https://medrxiv.org/content/10.1101/2020.02.21.20026328v1.article-metrics
497,https://medrxiv.org/content/10.1101/2020.04.20.20071423v1.article-metrics
498,https://biorxiv.org/content/10.1101/2020.05.18.101717v1.article-metrics
499,https://medrxiv.org/content/10.1101/2020.05.05.20091553v1.article-metrics
500,https://medrxiv.org/content/10.1101/2020.08.17.20177022v1.article-metrics
501,https://biorxiv.org/content/10.1101/2020.08.28.271957v1.article-metrics
502,https://biorxiv.org/content/10.1101/2020.03.25.008904v1.article-metrics
503,https://biorxiv.org/content/10.1101/2020.09.08.272328v2.article-metrics
504,https://medrxiv.org/content/10.1101/2020.04.08.20058073v3.article-metrics
505,https://medrxiv.org/content/10.1101/2020.09.01.20184101v1.article-metrics
506,https://medrxiv.org/content/10.1101/2020.06.18.20135210v2.article-metrics
507,https://medrxiv.org/content/10.1101/2020.03.21.20040261v1.article-metrics
508,https://biorxiv.org/content/10.1101/2020.06.14.151381v1.article-metrics
509,https://biorxiv.org/content/10.1101/2020.08.15.252320v1.article-metrics
510,https://biorxiv.org/content/10.1101/2020.03.15.993097v1.article-metrics
511,https://medrxiv.org/content/10.1101/2020.06.05.20123760v4.article-metrics
512,https://medrxiv.org/content/10.1101/2020.05.21.20109116v2.article-metrics
513,https://medrxiv.org/content/10.1101/2020.08.13.20174565v1.article-metrics
514,https://medrxiv.org/content/10.1101/2020.04.28.20083311v1.article-metrics
515,https://medrxiv.org/content/10.1101/2020.08.07.20170456v1.article-metrics
516,https://biorxiv.org/content/10.1101/2020.04.26.061705v1.article-metrics
517,https://medrxiv.org/content/10.1101/2020.09.22.20192443v1.article-metrics
518,https://biorxiv.org/content/10.1101/2020.07.14.202549v2.article-metrics
519,https://medrxiv.org/content/10.1101/2020.07.13.20152678v1.article-metrics
520,https://medrxiv.org/content/10.1101/2020.08.17.20176925v1.article-metrics
521,https://medrxiv.org/content/10.1101/2020.06.02.20120790v2.article-metrics
522,https://medrxiv.org/content/10.1101/2020.05.06.20091900v1.article-metrics
523,https://medrxiv.org/content/10.1101/2020.07.01.20143925v2.article-metrics
524,https://biorxiv.org/content/10.1101/2020.10.26.356048v1.article-metrics
525,https://medrxiv.org/content/10.1101/2020.04.30.20086397v1.article-metrics
526,https://biorxiv.org/content/10.1101/2020.07.18.209270v1.article-metrics
527,https://biorxiv.org/content/10.1101/2020.09.30.320762v2.article-metrics
528,https://biorxiv.org/content/10.1101/2020.05.18.103184v1.article-metrics
529,https://biorxiv.org/content/10.1101/2020.05.15.098731v1.article-metrics
530,https://biorxiv.org/content/10.1101/2020.07.27.212076v1.article-metrics
531,https://medrxiv.org/content/10.1101/2020.05.22.20110148v2.article-metrics
532,https://biorxiv.org/content/10.1101/2020.05.05.078758v5.article-metrics
533,https://medrxiv.org/content/10.1101/2020.04.28.20075481v1.article-metrics
534,https://medrxiv.org/content/10.1101/2020.10.20.20213272v1.article-metrics
535,https://medrxiv.org/content/10.1101/2020.05.04.20086322v1.article-metrics
